
         /\      Grafana   /‾‾/  
    /\  /  \     |\  __   /  /   
   /  \/    \    | |/ /  /   ‾‾\ 
  /          \   |   (  |  (‾)  |
 / __________ \  |_|\_\  \_____/ 

     execution: local
        script: /app/applet/evidence/m3-1b/canonical/entrypoint.js
        output: -

     scenarios: (100.00%) 1 scenario, 1094 max VUs, 22m30s max duration (incl. graceful stop):
              * black_friday_2026_readiness___forecast_test: Up to 109.00 iterations/s for 22m0s over 3 stages (maxVUs: 274-1094, exec: default, gracefulStop: 30s)


running (00m00.8s), 0000/0274 VUs, 0 complete and 0 interrupted iterations
black_friday_2026_readiness...   [   0% ] 0000/0274 VUs  00m00.8s/22m0s  000.43 iters/s

running (00m01.8s), 0000/0274 VUs, 0 complete and 0 interrupted iterations
black_friday_2026_readiness...   [   0% ] 0000/0274 VUs  00m01.8s/22m0s  000.43 iters/s

running (00m02.8s), 0001/0274 VUs, 0 complete and 0 interrupted iterations
black_friday_2026_readiness...   [   0% ] 0001/0274 VUs  00m02.8s/22m0s  001.03 iters/s

running (00m03.8s), 0002/0274 VUs, 0 complete and 0 interrupted iterations
black_friday_2026_readiness...   [   0% ] 0002/0274 VUs  00m03.8s/22m0s  001.34 iters/s

running (00m04.8s), 0004/0274 VUs, 0 complete and 0 interrupted iterations
black_friday_2026_readiness...   [   0% ] 0004/0274 VUs  00m04.8s/22m0s  001.81 iters/s

running (00m05.8s), 0004/0274 VUs, 2 complete and 0 interrupted iterations
black_friday_2026_readiness...   [   0% ] 0004/0274 VUs  00m05.8s/22m0s  002.17 iters/s

running (00m06.8s), 0004/0274 VUs, 4 complete and 0 interrupted iterations
black_friday_2026_readiness...   [   1% ] 0004/0274 VUs  00m06.8s/22m0s  002.48 iters/s

running (00m07.8s), 0006/0274 VUs, 5 complete and 0 interrupted iterations
black_friday_2026_readiness...   [   1% ] 0006/0274 VUs  00m07.8s/22m0s  002.89 iters/s

running (00m08.8s), 0007/0274 VUs, 7 complete and 0 interrupted iterations
black_friday_2026_readiness...   [   1% ] 0007/0274 VUs  00m08.8s/22m0s  003.25 iters/s

running (00m09.8s), 0008/0274 VUs, 9 complete and 0 interrupted iterations
black_friday_2026_readiness...   [   1% ] 0008/0274 VUs  00m09.8s/22m0s  003.57 iters/s

running (00m10.8s), 0008/0274 VUs, 13 complete and 0 interrupted iterations
black_friday_2026_readiness...   [   1% ] 0008/0274 VUs  00m10.8s/22m0s  003.95 iters/s

running (00m11.8s), 0009/0274 VUs, 16 complete and 0 interrupted iterations
black_friday_2026_readiness...   [   1% ] 0009/0274 VUs  00m11.8s/22m0s  004.30 iters/s

running (00m12.8s), 0008/0274 VUs, 21 complete and 0 interrupted iterations
black_friday_2026_readiness...   [   1% ] 0008/0274 VUs  00m12.8s/22m0s  004.63 iters/s

running (00m13.8s), 0010/0274 VUs, 24 complete and 0 interrupted iterations
black_friday_2026_readiness...   [   1% ] 0010/0274 VUs  00m13.8s/22m0s  005.01 iters/s

running (00m14.8s), 0011/0274 VUs, 28 complete and 0 interrupted iterations
black_friday_2026_readiness...   [   1% ] 0011/0274 VUs  00m14.8s/22m0s  005.36 iters/s

running (00m15.8s), 0012/0274 VUs, 33 complete and 0 interrupted iterations
black_friday_2026_readiness...   [   1% ] 0012/0274 VUs  00m15.8s/22m0s  005.75 iters/s

running (00m16.8s), 0015/0274 VUs, 36 complete and 0 interrupted iterations
black_friday_2026_readiness...   [   1% ] 0015/0274 VUs  00m16.8s/22m0s  006.12 iters/s

running (00m17.8s), 0016/0274 VUs, 41 complete and 0 interrupted iterations
black_friday_2026_readiness...   [   1% ] 0016/0274 VUs  00m17.8s/22m0s  006.46 iters/s

running (00m18.8s), 0016/0274 VUs, 48 complete and 0 interrupted iterations
black_friday_2026_readiness...   [   1% ] 0016/0274 VUs  00m18.8s/22m0s  006.85 iters/s

running (00m19.8s), 0018/0274 VUs, 53 complete and 0 interrupted iterations
black_friday_2026_readiness...   [   2% ] 0018/0274 VUs  00m19.8s/22m0s  007.21 iters/s

running (00m20.8s), 0017/0274 VUs, 61 complete and 0 interrupted iterations
black_friday_2026_readiness...   [   2% ] 0017/0274 VUs  00m20.8s/22m0s  007.55 iters/s

running (00m21.8s), 0018/0274 VUs, 68 complete and 0 interrupted iterations
black_friday_2026_readiness...   [   2% ] 0018/0274 VUs  00m21.8s/22m0s  007.93 iters/s

running (00m22.8s), 0021/0274 VUs, 73 complete and 0 interrupted iterations
black_friday_2026_readiness...   [   2% ] 0021/0274 VUs  00m22.8s/22m0s  008.29 iters/s

running (00m23.8s), 0020/0274 VUs, 82 complete and 0 interrupted iterations
black_friday_2026_readiness...   [   2% ] 0020/0274 VUs  00m23.8s/22m0s  008.63 iters/s

running (00m24.8s), 0018/0274 VUs, 93 complete and 0 interrupted iterations
black_friday_2026_readiness...   [   2% ] 0018/0274 VUs  00m24.8s/22m0s  009.00 iters/s

running (00m25.8s), 0021/0274 VUs, 99 complete and 0 interrupted iterations
black_friday_2026_readiness...   [   2% ] 0021/0274 VUs  00m25.8s/22m0s  009.36 iters/s

running (00m26.8s), 0022/0274 VUs, 108 complete and 0 interrupted iterations
black_friday_2026_readiness...   [   2% ] 0022/0274 VUs  00m26.8s/22m0s  009.74 iters/s

running (00m27.8s), 0023/0274 VUs, 117 complete and 0 interrupted iterations
black_friday_2026_readiness...   [   2% ] 0023/0274 VUs  00m27.8s/22m0s  010.10 iters/s

running (00m28.8s), 0024/0274 VUs, 126 complete and 0 interrupted iterations
black_friday_2026_readiness...   [   2% ] 0024/0274 VUs  00m28.8s/22m0s  010.46 iters/s

running (00m29.8s), 0023/0274 VUs, 138 complete and 0 interrupted iterations
black_friday_2026_readiness...   [   2% ] 0023/0274 VUs  00m29.8s/22m0s  010.83 iters/s

running (00m30.8s), 0027/0274 VUs, 145 complete and 0 interrupted iterations
black_friday_2026_readiness...   [   2% ] 0027/0274 VUs  00m30.8s/22m0s  011.20 iters/s

running (00m31.8s), 0025/0274 VUs, 158 complete and 0 interrupted iterations
black_friday_2026_readiness...   [   2% ] 0025/0274 VUs  00m31.8s/22m0s  011.55 iters/s

running (00m32.8s), 0024/0274 VUs, 171 complete and 0 interrupted iterations
black_friday_2026_readiness...   [   2% ] 0024/0274 VUs  00m32.8s/22m0s  011.92 iters/s

running (00m33.8s), 0026/0274 VUs, 181 complete and 0 interrupted iterations
black_friday_2026_readiness...   [   3% ] 0026/0274 VUs  00m33.8s/22m0s  012.28 iters/s

running (00m34.8s), 0029/0274 VUs, 191 complete and 0 interrupted iterations
black_friday_2026_readiness...   [   3% ] 0029/0274 VUs  00m34.8s/22m0s  012.66 iters/s

running (00m35.8s), 0030/0274 VUs, 202 complete and 0 interrupted iterations
black_friday_2026_readiness...   [   3% ] 0030/0274 VUs  00m35.8s/22m0s  013.00 iters/s

running (00m36.8s), 0030/0274 VUs, 216 complete and 0 interrupted iterations
black_friday_2026_readiness...   [   3% ] 0030/0274 VUs  00m36.8s/22m0s  013.38 iters/s

running (00m37.8s), 0031/0274 VUs, 228 complete and 0 interrupted iterations
black_friday_2026_readiness...   [   3% ] 0031/0274 VUs  00m37.8s/22m0s  013.73 iters/s

running (00m38.8s), 0034/0274 VUs, 239 complete and 0 interrupted iterations
black_friday_2026_readiness...   [   3% ] 0034/0274 VUs  00m38.8s/22m0s  014.10 iters/s

running (00m39.8s), 0034/0274 VUs, 253 complete and 0 interrupted iterations
black_friday_2026_readiness...   [   3% ] 0034/0274 VUs  00m39.8s/22m0s  014.45 iters/s

running (00m40.8s), 0035/0274 VUs, 267 complete and 0 interrupted iterations
black_friday_2026_readiness...   [   3% ] 0035/0274 VUs  00m40.8s/22m0s  014.83 iters/s

running (00m41.8s), 0033/0274 VUs, 284 complete and 0 interrupted iterations
black_friday_2026_readiness...   [   3% ] 0033/0274 VUs  00m41.8s/22m0s  015.19 iters/s

running (00m42.8s), 0035/0274 VUs, 297 complete and 0 interrupted iterations
black_friday_2026_readiness...   [   3% ] 0035/0274 VUs  00m42.8s/22m0s  015.54 iters/s

running (00m43.8s), 0037/0274 VUs, 311 complete and 0 interrupted iterations
black_friday_2026_readiness...   [   3% ] 0037/0274 VUs  00m43.8s/22m0s  015.91 iters/s

running (00m44.8s), 0040/0274 VUs, 324 complete and 0 interrupted iterations
black_friday_2026_readiness...   [   3% ] 0040/0274 VUs  00m44.8s/22m0s  016.27 iters/s

running (00m45.8s), 0037/0274 VUs, 344 complete and 0 interrupted iterations
black_friday_2026_readiness...   [   3% ] 0037/0274 VUs  00m45.8s/22m0s  016.65 iters/s

running (00m46.8s), 0038/0274 VUs, 359 complete and 0 interrupted iterations
black_friday_2026_readiness...   [   4% ] 0038/0274 VUs  00m46.8s/22m0s  017.00 iters/s

running (00m47.8s), 0039/0274 VUs, 376 complete and 0 interrupted iterations
black_friday_2026_readiness...   [   4% ] 0039/0274 VUs  00m47.8s/22m0s  017.38 iters/s

running (00m48.8s), 0044/0274 VUs, 388 complete and 0 interrupted iterations
black_friday_2026_readiness...   [   4% ] 0044/0274 VUs  00m48.8s/22m0s  017.73 iters/s

running (00m49.8s), 0041/0274 VUs, 409 complete and 0 interrupted iterations
black_friday_2026_readiness...   [   4% ] 0041/0274 VUs  00m49.8s/22m0s  018.09 iters/s

running (00m50.8s), 0042/0274 VUs, 426 complete and 0 interrupted iterations
black_friday_2026_readiness...   [   4% ] 0042/0274 VUs  00m50.8s/22m0s  018.45 iters/s

running (00m51.8s), 0043/0274 VUs, 444 complete and 0 interrupted iterations
black_friday_2026_readiness...   [   4% ] 0043/0274 VUs  00m51.8s/22m0s  018.82 iters/s

running (00m52.8s), 0045/0274 VUs, 461 complete and 0 interrupted iterations
black_friday_2026_readiness...   [   4% ] 0045/0274 VUs  00m52.8s/22m0s  019.18 iters/s

running (00m53.8s), 0045/0274 VUs, 480 complete and 0 interrupted iterations
black_friday_2026_readiness...   [   4% ] 0045/0274 VUs  00m53.8s/22m0s  019.54 iters/s

running (00m54.8s), 0046/0274 VUs, 499 complete and 0 interrupted iterations
black_friday_2026_readiness...   [   4% ] 0046/0274 VUs  00m54.8s/22m0s  019.91 iters/s

running (00m55.8s), 0048/0274 VUs, 517 complete and 0 interrupted iterations
black_friday_2026_readiness...   [   4% ] 0048/0274 VUs  00m55.8s/22m0s  020.27 iters/s

running (00m56.8s), 0051/0274 VUs, 535 complete and 0 interrupted iterations
black_friday_2026_readiness...   [   4% ] 0051/0274 VUs  00m56.8s/22m0s  020.64 iters/s

running (00m57.8s), 0044/0274 VUs, 562 complete and 0 interrupted iterations
black_friday_2026_readiness...   [   4% ] 0044/0274 VUs  00m57.8s/22m0s  020.99 iters/s

running (00m58.8s), 0048/0274 VUs, 580 complete and 0 interrupted iterations
black_friday_2026_readiness...   [   4% ] 0048/0274 VUs  00m58.8s/22m0s  021.37 iters/s

running (00m59.8s), 0054/0274 VUs, 595 complete and 0 interrupted iterations
black_friday_2026_readiness...   [   5% ] 0054/0274 VUs  00m59.8s/22m0s  021.72 iters/s

running (01m00.8s), 0051/0274 VUs, 620 complete and 0 interrupted iterations
black_friday_2026_readiness...   [   5% ] 0051/0274 VUs  01m00.8s/22m0s  022.09 iters/s

running (01m01.8s), 0047/0274 VUs, 646 complete and 0 interrupted iterations
black_friday_2026_readiness...   [   5% ] 0047/0274 VUs  01m01.8s/22m0s  022.45 iters/s

running (01m02.8s), 0059/0274 VUs, 657 complete and 0 interrupted iterations
black_friday_2026_readiness...   [   5% ] 0059/0274 VUs  01m02.8s/22m0s  022.82 iters/s

running (01m03.8s), 0058/0274 VUs, 681 complete and 0 interrupted iterations
black_friday_2026_readiness...   [   5% ] 0058/0274 VUs  01m03.8s/22m0s  023.18 iters/s

running (01m04.8s), 0054/0274 VUs, 708 complete and 0 interrupted iterations
black_friday_2026_readiness...   [   5% ] 0054/0274 VUs  01m04.8s/22m0s  023.54 iters/s

running (01m05.8s), 0057/0274 VUs, 729 complete and 0 interrupted iterations
black_friday_2026_readiness...   [   5% ] 0057/0274 VUs  01m05.8s/22m0s  023.91 iters/s

running (01m06.8s), 0057/0274 VUs, 753 complete and 0 interrupted iterations
black_friday_2026_readiness...   [   5% ] 0057/0274 VUs  01m06.8s/22m0s  024.27 iters/s

running (01m07.8s), 0063/0274 VUs, 772 complete and 0 interrupted iterations
black_friday_2026_readiness...   [   5% ] 0063/0274 VUs  01m07.8s/22m0s  024.64 iters/s

running (01m08.8s), 0059/0274 VUs, 800 complete and 0 interrupted iterations
black_friday_2026_readiness...   [   5% ] 0059/0274 VUs  01m08.8s/22m0s  024.99 iters/s

running (01m09.8s), 0062/0274 VUs, 823 complete and 0 interrupted iterations
black_friday_2026_readiness...   [   5% ] 0061/0274 VUs  01m09.8s/22m0s  025.37 iters/s

running (01m10.8s), 0058/0274 VUs, 852 complete and 0 interrupted iterations
black_friday_2026_readiness...   [   5% ] 0058/0274 VUs  01m10.8s/22m0s  025.72 iters/s

running (01m11.8s), 0060/0274 VUs, 876 complete and 0 interrupted iterations
black_friday_2026_readiness...   [   5% ] 0060/0274 VUs  01m11.8s/22m0s  026.09 iters/s

running (01m12.8s), 0060/0274 VUs, 902 complete and 0 interrupted iterations
black_friday_2026_readiness...   [   6% ] 0060/0274 VUs  01m12.8s/22m0s  026.45 iters/s

running (01m13.8s), 0062/0274 VUs, 927 complete and 0 interrupted iterations
black_friday_2026_readiness...   [   6% ] 0062/0274 VUs  01m13.8s/22m0s  026.81 iters/s

running (01m14.8s), 0061/0274 VUs, 955 complete and 0 interrupted iterations
black_friday_2026_readiness...   [   6% ] 0061/0274 VUs  01m14.8s/22m0s  027.18 iters/s

running (01m15.8s), 0061/0274 VUs, 982 complete and 0 interrupted iterations
black_friday_2026_readiness...   [   6% ] 0061/0274 VUs  01m15.8s/22m0s  027.54 iters/s

running (01m16.8s), 0062/0274 VUs, 1009 complete and 0 interrupted iterations
black_friday_2026_readiness...   [   6% ] 0062/0274 VUs  01m16.8s/22m0s  027.90 iters/s

running (01m17.8s), 0065/0274 VUs, 1034 complete and 0 interrupted iterations
black_friday_2026_readiness...   [   6% ] 0065/0274 VUs  01m17.8s/22m0s  028.27 iters/s

running (01m18.8s), 0066/0274 VUs, 1062 complete and 0 interrupted iterations
black_friday_2026_readiness...   [   6% ] 0066/0274 VUs  01m18.8s/22m0s  028.64 iters/s

running (01m19.8s), 0063/0274 VUs, 1093 complete and 0 interrupted iterations
black_friday_2026_readiness...   [   6% ] 0063/0274 VUs  01m19.8s/22m0s  028.99 iters/s

running (01m20.8s), 0069/0274 VUs, 1117 complete and 0 interrupted iterations
black_friday_2026_readiness...   [   6% ] 0069/0274 VUs  01m20.8s/22m0s  029.36 iters/s

running (01m21.8s), 0073/0274 VUs, 1142 complete and 0 interrupted iterations
black_friday_2026_readiness...   [   6% ] 0073/0274 VUs  01m21.8s/22m0s  029.72 iters/s

running (01m22.8s), 0071/0274 VUs, 1174 complete and 0 interrupted iterations
black_friday_2026_readiness...   [   6% ] 0071/0274 VUs  01m22.8s/22m0s  030.08 iters/s

running (01m23.8s), 0069/0274 VUs, 1206 complete and 0 interrupted iterations
black_friday_2026_readiness...   [   6% ] 0069/0274 VUs  01m23.8s/22m0s  030.44 iters/s

running (01m24.8s), 0070/0274 VUs, 1236 complete and 0 interrupted iterations
black_friday_2026_readiness...   [   6% ] 0070/0274 VUs  01m24.8s/22m0s  030.81 iters/s

running (01m25.8s), 0078/0274 VUs, 1259 complete and 0 interrupted iterations
black_friday_2026_readiness...   [   7% ] 0078/0274 VUs  01m25.8s/22m0s  031.18 iters/s

running (01m26.8s), 0072/0274 VUs, 1296 complete and 0 interrupted iterations
black_friday_2026_readiness...   [   7% ] 0072/0274 VUs  01m26.8s/22m0s  031.53 iters/s

running (01m27.8s), 0075/0274 VUs, 1325 complete and 0 interrupted iterations
black_friday_2026_readiness...   [   7% ] 0075/0274 VUs  01m27.8s/22m0s  031.90 iters/s

running (01m28.8s), 0079/0274 VUs, 1353 complete and 0 interrupted iterations
black_friday_2026_readiness...   [   7% ] 0079/0274 VUs  01m28.8s/22m0s  032.26 iters/s

running (01m29.8s), 0075/0274 VUs, 1389 complete and 0 interrupted iterations
black_friday_2026_readiness...   [   7% ] 0075/0274 VUs  01m29.8s/22m0s  032.62 iters/s

running (01m30.8s), 0079/0274 VUs, 1418 complete and 0 interrupted iterations
black_friday_2026_readiness...   [   7% ] 0079/0274 VUs  01m30.8s/22m0s  032.99 iters/s

running (01m31.8s), 0081/0274 VUs, 1449 complete and 0 interrupted iterations
black_friday_2026_readiness...   [   7% ] 0081/0274 VUs  01m31.8s/22m0s  033.35 iters/s

running (01m32.8s), 0078/0274 VUs, 1486 complete and 0 interrupted iterations
black_friday_2026_readiness...   [   7% ] 0078/0274 VUs  01m32.8s/22m0s  033.72 iters/s

running (01m33.8s), 0079/0274 VUs, 1519 complete and 0 interrupted iterations
black_friday_2026_readiness...   [   7% ] 0079/0274 VUs  01m33.8s/22m0s  034.08 iters/s

running (01m34.8s), 0075/0274 VUs, 1557 complete and 0 interrupted iterations
black_friday_2026_readiness...   [   7% ] 0075/0274 VUs  01m34.8s/22m0s  034.44 iters/s

running (01m35.8s), 0080/0274 VUs, 1587 complete and 0 interrupted iterations
black_friday_2026_readiness...   [   7% ] 0080/0274 VUs  01m35.8s/22m0s  034.81 iters/s

running (01m36.8s), 0083/0274 VUs, 1619 complete and 0 interrupted iterations
black_friday_2026_readiness...   [   7% ] 0083/0274 VUs  01m36.8s/22m0s  035.17 iters/s

running (01m37.8s), 0090/0274 VUs, 1647 complete and 0 interrupted iterations
black_friday_2026_readiness...   [   7% ] 0090/0274 VUs  01m37.8s/22m0s  035.53 iters/s

running (01m38.8s), 0087/0274 VUs, 1686 complete and 0 interrupted iterations
black_friday_2026_readiness...   [   7% ] 0087/0274 VUs  01m38.8s/22m0s  035.90 iters/s

running (01m39.8s), 0079/0274 VUs, 1730 complete and 0 interrupted iterations
black_friday_2026_readiness...   [   8% ] 0079/0274 VUs  01m39.8s/22m0s  036.26 iters/s

running (01m40.8s), 0081/0274 VUs, 1764 complete and 0 interrupted iterations
black_friday_2026_readiness...   [   8% ] 0081/0274 VUs  01m40.8s/22m0s  036.62 iters/s

running (01m41.8s), 0092/0274 VUs, 1790 complete and 0 interrupted iterations
black_friday_2026_readiness...   [   8% ] 0092/0274 VUs  01m41.8s/22m0s  036.99 iters/s

running (01m42.8s), 0087/0274 VUs, 1832 complete and 0 interrupted iterations
black_friday_2026_readiness...   [   8% ] 0087/0274 VUs  01m42.8s/22m0s  037.35 iters/s

running (01m43.8s), 0091/0274 VUs, 1866 complete and 0 interrupted iterations
black_friday_2026_readiness...   [   8% ] 0091/0274 VUs  01m43.8s/22m0s  037.72 iters/s

running (01m44.8s), 0093/0274 VUs, 1902 complete and 0 interrupted iterations
black_friday_2026_readiness...   [   8% ] 0093/0274 VUs  01m44.8s/22m0s  038.08 iters/s

running (01m45.8s), 0091/0274 VUs, 1942 complete and 0 interrupted iterations
black_friday_2026_readiness...   [   8% ] 0091/0274 VUs  01m45.8s/22m0s  038.44 iters/s

running (01m46.8s), 0085/0274 VUs, 1987 complete and 0 interrupted iterations
black_friday_2026_readiness...   [   8% ] 0085/0274 VUs  01m46.8s/22m0s  038.81 iters/s

running (01m47.8s), 0089/0274 VUs, 2022 complete and 0 interrupted iterations
black_friday_2026_readiness...   [   8% ] 0089/0274 VUs  01m47.8s/22m0s  039.17 iters/s

running (01m48.8s), 0090/0274 VUs, 2060 complete and 0 interrupted iterations
black_friday_2026_readiness...   [   8% ] 0090/0274 VUs  01m48.8s/22m0s  039.53 iters/s

running (01m49.8s), 0087/0274 VUs, 2103 complete and 0 interrupted iterations
black_friday_2026_readiness...   [   8% ] 0087/0274 VUs  01m49.8s/22m0s  039.90 iters/s

running (01m50.8s), 0088/0274 VUs, 2142 complete and 0 interrupted iterations
black_friday_2026_readiness...   [   8% ] 0088/0274 VUs  01m50.8s/22m0s  040.26 iters/s

running (01m51.8s), 0097/0274 VUs, 2173 complete and 0 interrupted iterations
black_friday_2026_readiness...   [   8% ] 0097/0274 VUs  01m51.8s/22m0s  040.62 iters/s

running (01m52.8s), 0093/0274 VUs, 2218 complete and 0 interrupted iterations
black_friday_2026_readiness...   [   9% ] 0093/0274 VUs  01m52.8s/22m0s  040.98 iters/s

running (01m53.8s), 0094/0274 VUs, 2258 complete and 0 interrupted iterations
black_friday_2026_readiness...   [   9% ] 0094/0274 VUs  01m53.8s/22m0s  041.35 iters/s

running (01m54.8s), 0099/0274 VUs, 2295 complete and 0 interrupted iterations
black_friday_2026_readiness...   [   9% ] 0099/0274 VUs  01m54.8s/22m0s  041.71 iters/s

running (01m55.8s), 0100/0274 VUs, 2336 complete and 0 interrupted iterations
black_friday_2026_readiness...   [   9% ] 0100/0274 VUs  01m55.8s/22m0s  042.08 iters/s

running (01m56.8s), 0097/0274 VUs, 2381 complete and 0 interrupted iterations
black_friday_2026_readiness...   [   9% ] 0097/0274 VUs  01m56.8s/22m0s  042.44 iters/s

running (01m57.8s), 0095/0274 VUs, 2425 complete and 0 interrupted iterations
black_friday_2026_readiness...   [   9% ] 0095/0274 VUs  01m57.8s/22m0s  042.80 iters/s

running (01m58.8s), 0098/0274 VUs, 2465 complete and 0 interrupted iterations
black_friday_2026_readiness...   [   9% ] 0098/0274 VUs  01m58.8s/22m0s  043.16 iters/s

running (01m59.8s), 0102/0274 VUs, 2505 complete and 0 interrupted iterations
black_friday_2026_readiness...   [   9% ] 0102/0274 VUs  01m59.8s/22m0s  043.53 iters/s

running (02m00.8s), 0109/0274 VUs, 2541 complete and 0 interrupted iterations
black_friday_2026_readiness...   [   9% ] 0109/0274 VUs  02m00.8s/22m0s  043.89 iters/s

running (02m01.8s), 0105/0274 VUs, 2590 complete and 0 interrupted iterations
black_friday_2026_readiness...   [   9% ] 0105/0274 VUs  02m01.8s/22m0s  044.26 iters/s

running (02m02.8s), 0102/0274 VUs, 2637 complete and 0 interrupted iterations
black_friday_2026_readiness...   [   9% ] 0102/0274 VUs  02m02.8s/22m0s  044.62 iters/s

running (02m03.8s), 0107/0274 VUs, 2677 complete and 0 interrupted iterations
black_friday_2026_readiness...   [   9% ] 0107/0274 VUs  02m03.8s/22m0s  044.98 iters/s

running (02m04.8s), 0102/0274 VUs, 2727 complete and 0 interrupted iterations
black_friday_2026_readiness...   [   9% ] 0102/0274 VUs  02m04.8s/22m0s  045.34 iters/s

running (02m05.8s), 0111/0274 VUs, 2764 complete and 0 interrupted iterations
black_friday_2026_readiness...   [  10% ] 0111/0274 VUs  02m05.8s/22m0s  045.71 iters/s

running (02m06.8s), 0105/0274 VUs, 2815 complete and 0 interrupted iterations
black_friday_2026_readiness...   [  10% ] 0105/0274 VUs  02m06.8s/22m0s  046.07 iters/s

running (02m07.8s), 0102/0274 VUs, 2865 complete and 0 interrupted iterations
black_friday_2026_readiness...   [  10% ] 0102/0274 VUs  02m07.8s/22m0s  046.44 iters/s

running (02m08.8s), 0109/0274 VUs, 2904 complete and 0 interrupted iterations
black_friday_2026_readiness...   [  10% ] 0109/0274 VUs  02m08.8s/22m0s  046.80 iters/s

running (02m09.8s), 0116/0274 VUs, 2944 complete and 0 interrupted iterations
black_friday_2026_readiness...   [  10% ] 0116/0274 VUs  02m09.8s/22m0s  047.16 iters/s

running (02m10.8s), 0109/0274 VUs, 2998 complete and 0 interrupted iterations
black_friday_2026_readiness...   [  10% ] 0109/0274 VUs  02m10.8s/22m0s  047.52 iters/s

running (02m11.8s), 0111/0274 VUs, 3044 complete and 0 interrupted iterations
black_friday_2026_readiness...   [  10% ] 0111/0274 VUs  02m11.8s/22m0s  047.89 iters/s

running (02m12.8s), 0112/0274 VUs, 3091 complete and 0 interrupted iterations
black_friday_2026_readiness...   [  10% ] 0112/0274 VUs  02m12.8s/22m0s  048.25 iters/s

running (02m13.8s), 0109/0274 VUs, 3143 complete and 0 interrupted iterations
black_friday_2026_readiness...   [  10% ] 0109/0274 VUs  02m13.8s/22m0s  048.62 iters/s

running (02m14.8s), 0116/0274 VUs, 3184 complete and 0 interrupted iterations
black_friday_2026_readiness...   [  10% ] 0116/0274 VUs  02m14.8s/22m0s  048.97 iters/s

running (02m15.8s), 0121/0274 VUs, 3229 complete and 0 interrupted iterations
black_friday_2026_readiness...   [  10% ] 0121/0274 VUs  02m15.8s/22m0s  049.34 iters/s

running (02m16.8s), 0112/0274 VUs, 3287 complete and 0 interrupted iterations
black_friday_2026_readiness...   [  10% ] 0112/0274 VUs  02m16.8s/22m0s  049.70 iters/s

running (02m17.8s), 0119/0274 VUs, 3330 complete and 0 interrupted iterations
black_friday_2026_readiness...   [  10% ] 0119/0274 VUs  02m17.8s/22m0s  050.07 iters/s

running (02m18.8s), 0121/0274 VUs, 3378 complete and 0 interrupted iterations
black_friday_2026_readiness...   [  11% ] 0121/0274 VUs  02m18.8s/22m0s  050.43 iters/s

running (02m19.8s), 0118/0274 VUs, 3432 complete and 0 interrupted iterations
black_friday_2026_readiness...   [  11% ] 0118/0274 VUs  02m19.8s/22m0s  050.79 iters/s

running (02m20.8s), 0120/0274 VUs, 3481 complete and 0 interrupted iterations
black_friday_2026_readiness...   [  11% ] 0120/0274 VUs  02m20.8s/22m0s  051.16 iters/s

running (02m21.8s), 0120/0274 VUs, 3532 complete and 0 interrupted iterations
black_friday_2026_readiness...   [  11% ] 0120/0274 VUs  02m21.8s/22m0s  051.52 iters/s

running (02m22.8s), 0125/0274 VUs, 3579 complete and 0 interrupted iterations
black_friday_2026_readiness...   [  11% ] 0125/0274 VUs  02m22.8s/22m0s  051.88 iters/s

running (02m23.8s), 0120/0274 VUs, 3636 complete and 0 interrupted iterations
black_friday_2026_readiness...   [  11% ] 0120/0274 VUs  02m23.8s/22m0s  052.25 iters/s

running (02m24.8s), 0124/0274 VUs, 3685 complete and 0 interrupted iterations
black_friday_2026_readiness...   [  11% ] 0124/0274 VUs  02m24.8s/22m0s  052.61 iters/s

running (02m25.8s), 0121/0274 VUs, 3740 complete and 0 interrupted iterations
black_friday_2026_readiness...   [  11% ] 0121/0274 VUs  02m25.8s/22m0s  052.97 iters/s

running (02m26.8s), 0131/0274 VUs, 3783 complete and 0 interrupted iterations
black_friday_2026_readiness...   [  11% ] 0131/0274 VUs  02m26.8s/22m0s  053.33 iters/s

running (02m27.8s), 0125/0274 VUs, 3843 complete and 0 interrupted iterations
black_friday_2026_readiness...   [  11% ] 0125/0274 VUs  02m27.8s/22m0s  053.70 iters/s

running (02m28.8s), 0134/0274 VUs, 3888 complete and 0 interrupted iterations
black_friday_2026_readiness...   [  11% ] 0134/0274 VUs  02m28.8s/22m0s  054.06 iters/s

running (02m29.8s), 0128/0274 VUs, 3948 complete and 0 interrupted iterations
black_friday_2026_readiness...   [  11% ] 0128/0274 VUs  02m29.8s/22m0s  054.43 iters/s

running (02m30.8s), 0122/0274 VUs, 4009 complete and 0 interrupted iterations
black_friday_2026_readiness...   [  11% ] 0122/0274 VUs  02m30.8s/22m0s  054.79 iters/s

running (02m31.8s), 0128/0274 VUs, 4058 complete and 0 interrupted iterations
black_friday_2026_readiness...   [  12% ] 0128/0274 VUs  02m31.8s/22m0s  055.16 iters/s

running (02m32.8s), 0129/0274 VUs, 4112 complete and 0 interrupted iterations
black_friday_2026_readiness...   [  12% ] 0129/0274 VUs  02m32.8s/22m0s  055.52 iters/s

running (02m33.8s), 0134/0274 VUs, 4163 complete and 0 interrupted iterations
black_friday_2026_readiness...   [  12% ] 0134/0274 VUs  02m33.8s/22m0s  055.88 iters/s

running (02m34.8s), 0125/0274 VUs, 4228 complete and 0 interrupted iterations
black_friday_2026_readiness...   [  12% ] 0125/0274 VUs  02m34.8s/22m0s  056.25 iters/s

running (02m35.8s), 0128/0274 VUs, 4281 complete and 0 interrupted iterations
black_friday_2026_readiness...   [  12% ] 0128/0274 VUs  02m35.8s/22m0s  056.61 iters/s

running (02m36.8s), 0133/0274 VUs, 4333 complete and 0 interrupted iterations
black_friday_2026_readiness...   [  12% ] 0133/0274 VUs  02m36.8s/22m0s  056.97 iters/s

running (02m37.8s), 0136/0274 VUs, 4387 complete and 0 interrupted iterations
black_friday_2026_readiness...   [  12% ] 0136/0274 VUs  02m37.8s/22m0s  057.33 iters/s

running (02m38.8s), 0132/0274 VUs, 4449 complete and 0 interrupted iterations
black_friday_2026_readiness...   [  12% ] 0132/0274 VUs  02m38.8s/22m0s  057.70 iters/s

running (02m39.8s), 0135/0274 VUs, 4503 complete and 0 interrupted iterations
black_friday_2026_readiness...   [  12% ] 0135/0274 VUs  02m39.8s/22m0s  058.06 iters/s

running (02m40.8s), 0133/0274 VUs, 4564 complete and 0 interrupted iterations
black_friday_2026_readiness...   [  12% ] 0133/0274 VUs  02m40.8s/22m0s  058.43 iters/s

running (02m41.8s), 0138/0274 VUs, 4617 complete and 0 interrupted iterations
black_friday_2026_readiness...   [  12% ] 0138/0274 VUs  02m41.8s/22m0s  058.78 iters/s

running (02m42.8s), 0142/0274 VUs, 4672 complete and 0 interrupted iterations
black_friday_2026_readiness...   [  12% ] 0142/0274 VUs  02m42.8s/22m0s  059.15 iters/s

running (02m43.8s), 0144/0274 VUs, 4730 complete and 0 interrupted iterations
black_friday_2026_readiness...   [  12% ] 0144/0274 VUs  02m43.8s/22m0s  059.52 iters/s

running (02m44.8s), 0140/0274 VUs, 4793 complete and 0 interrupted iterations
black_friday_2026_readiness...   [  12% ] 0140/0274 VUs  02m44.8s/22m0s  059.87 iters/s

running (02m45.8s), 0147/0274 VUs, 4846 complete and 0 interrupted iterations
black_friday_2026_readiness...   [  13% ] 0147/0274 VUs  02m45.8s/22m0s  060.24 iters/s

running (02m46.8s), 0142/0274 VUs, 4912 complete and 0 interrupted iterations
black_friday_2026_readiness...   [  13% ] 0142/0274 VUs  02m46.8s/22m0s  060.60 iters/s

running (02m47.8s), 0143/0274 VUs, 4972 complete and 0 interrupted iterations
black_friday_2026_readiness...   [  13% ] 0143/0274 VUs  02m47.8s/22m0s  060.97 iters/s

running (02m48.8s), 0145/0274 VUs, 5031 complete and 0 interrupted iterations
black_friday_2026_readiness...   [  13% ] 0145/0274 VUs  02m48.8s/22m0s  061.33 iters/s

running (02m49.8s), 0144/0274 VUs, 5093 complete and 0 interrupted iterations
black_friday_2026_readiness...   [  13% ] 0144/0274 VUs  02m49.8s/22m0s  061.69 iters/s

running (02m50.8s), 0139/0274 VUs, 5160 complete and 0 interrupted iterations
black_friday_2026_readiness...   [  13% ] 0139/0274 VUs  02m50.8s/22m0s  062.06 iters/s

running (02m51.8s), 0141/0274 VUs, 5220 complete and 0 interrupted iterations
black_friday_2026_readiness...   [  13% ] 0141/0274 VUs  02m51.8s/22m0s  062.42 iters/s

running (02m52.8s), 0144/0274 VUs, 5280 complete and 0 interrupted iterations
black_friday_2026_readiness...   [  13% ] 0144/0274 VUs  02m52.8s/22m0s  062.78 iters/s

running (02m53.8s), 0145/0274 VUs, 5342 complete and 0 interrupted iterations
black_friday_2026_readiness...   [  13% ] 0145/0274 VUs  02m53.8s/22m0s  063.15 iters/s

running (02m54.8s), 0148/0274 VUs, 5402 complete and 0 interrupted iterations
black_friday_2026_readiness...   [  13% ] 0148/0274 VUs  02m54.8s/22m0s  063.51 iters/s

running (02m55.8s), 0143/0274 VUs, 5471 complete and 0 interrupted iterations
black_friday_2026_readiness...   [  13% ] 0143/0274 VUs  02m55.8s/22m0s  063.87 iters/s

running (02m56.8s), 0148/0274 VUs, 5530 complete and 0 interrupted iterations
black_friday_2026_readiness...   [  13% ] 0148/0274 VUs  02m56.8s/22m0s  064.24 iters/s

running (02m57.8s), 0143/0274 VUs, 5600 complete and 0 interrupted iterations
black_friday_2026_readiness...   [  13% ] 0143/0274 VUs  02m57.8s/22m0s  064.60 iters/s

running (02m58.8s), 0152/0274 VUs, 5655 complete and 0 interrupted iterations
black_friday_2026_readiness...   [  14% ] 0152/0274 VUs  02m58.8s/22m0s  064.96 iters/s

running (02m59.8s), 0156/0274 VUs, 5716 complete and 0 interrupted iterations
black_friday_2026_readiness...   [  14% ] 0156/0274 VUs  02m59.8s/22m0s  065.32 iters/s

running (03m00.8s), 0151/0274 VUs, 5787 complete and 0 interrupted iterations
black_friday_2026_readiness...   [  14% ] 0151/0274 VUs  03m00.8s/22m0s  065.69 iters/s

running (03m01.8s), 0151/0274 VUs, 5853 complete and 0 interrupted iterations
black_friday_2026_readiness...   [  14% ] 0151/0274 VUs  03m01.8s/22m0s  066.06 iters/s

running (03m02.8s), 0154/0274 VUs, 5916 complete and 0 interrupted iterations
black_friday_2026_readiness...   [  14% ] 0154/0274 VUs  03m02.8s/22m0s  066.42 iters/s

running (03m03.8s), 0159/0274 VUs, 5978 complete and 0 interrupted iterations
black_friday_2026_readiness...   [  14% ] 0159/0274 VUs  03m03.8s/22m0s  066.78 iters/s

running (03m04.8s), 0160/0274 VUs, 6044 complete and 0 interrupted iterations
black_friday_2026_readiness...   [  14% ] 0160/0274 VUs  03m04.8s/22m0s  067.15 iters/s

running (03m05.8s), 0156/0274 VUs, 6115 complete and 0 interrupted iterations
black_friday_2026_readiness...   [  14% ] 0156/0274 VUs  03m05.8s/22m0s  067.51 iters/s

running (03m06.8s), 0156/0274 VUs, 6183 complete and 0 interrupted iterations
black_friday_2026_readiness...   [  14% ] 0156/0274 VUs  03m06.8s/22m0s  067.87 iters/s

running (03m07.8s), 0164/0274 VUs, 6243 complete and 0 interrupted iterations
black_friday_2026_readiness...   [  14% ] 0164/0274 VUs  03m07.8s/22m0s  068.24 iters/s

running (03m08.8s), 0169/0274 VUs, 6306 complete and 0 interrupted iterations
black_friday_2026_readiness...   [  14% ] 0169/0274 VUs  03m08.8s/22m0s  068.60 iters/s

running (03m09.8s), 0163/0274 VUs, 6381 complete and 0 interrupted iterations
black_friday_2026_readiness...   [  14% ] 0162/0274 VUs  03m09.8s/22m0s  068.96 iters/s

running (03m10.8s), 0162/0274 VUs, 6451 complete and 0 interrupted iterations
black_friday_2026_readiness...   [  14% ] 0162/0274 VUs  03m10.8s/22m0s  069.32 iters/s

running (03m11.8s), 0161/0274 VUs, 6521 complete and 0 interrupted iterations
black_friday_2026_readiness...   [  15% ] 0161/0274 VUs  03m11.8s/22m0s  069.68 iters/s

running (03m12.8s), 0161/0274 VUs, 6591 complete and 0 interrupted iterations
black_friday_2026_readiness...   [  15% ] 0161/0274 VUs  03m12.8s/22m0s  070.05 iters/s

running (03m13.8s), 0162/0274 VUs, 6661 complete and 0 interrupted iterations
black_friday_2026_readiness...   [  15% ] 0162/0274 VUs  03m13.8s/22m0s  070.42 iters/s

running (03m14.8s), 0173/0274 VUs, 6720 complete and 0 interrupted iterations
black_friday_2026_readiness...   [  15% ] 0173/0274 VUs  03m14.8s/22m0s  070.78 iters/s

running (03m15.8s), 0169/0274 VUs, 6795 complete and 0 interrupted iterations
black_friday_2026_readiness...   [  15% ] 0169/0274 VUs  03m15.8s/22m0s  071.14 iters/s

running (03m16.8s), 0168/0274 VUs, 6867 complete and 0 interrupted iterations
black_friday_2026_readiness...   [  15% ] 0168/0274 VUs  03m16.8s/22m0s  071.50 iters/s

running (03m17.8s), 0173/0274 VUs, 6934 complete and 0 interrupted iterations
black_friday_2026_readiness...   [  15% ] 0173/0274 VUs  03m17.8s/22m0s  071.87 iters/s

running (03m18.8s), 0175/0274 VUs, 7004 complete and 0 interrupted iterations
black_friday_2026_readiness...   [  15% ] 0175/0274 VUs  03m18.8s/22m0s  072.23 iters/s

running (03m19.8s), 0171/0274 VUs, 7081 complete and 0 interrupted iterations
black_friday_2026_readiness...   [  15% ] 0171/0274 VUs  03m19.8s/22m0s  072.60 iters/s

running (03m20.8s), 0164/0274 VUs, 7160 complete and 0 interrupted iterations
black_friday_2026_readiness...   [  15% ] 0164/0274 VUs  03m20.8s/22m0s  072.96 iters/s

running (03m21.8s), 0169/0274 VUs, 7228 complete and 0 interrupted iterations
black_friday_2026_readiness...   [  15% ] 0169/0274 VUs  03m21.8s/22m0s  073.32 iters/s

running (03m22.8s), 0174/0274 VUs, 7297 complete and 0 interrupted iterations
black_friday_2026_readiness...   [  15% ] 0174/0274 VUs  03m22.8s/22m0s  073.68 iters/s

running (03m23.8s), 0170/0274 VUs, 7375 complete and 0 interrupted iterations
black_friday_2026_readiness...   [  15% ] 0170/0274 VUs  03m23.8s/22m0s  074.05 iters/s

running (03m24.8s), 0172/0274 VUs, 7447 complete and 0 interrupted iterations
black_friday_2026_readiness...   [  16% ] 0172/0274 VUs  03m24.8s/22m0s  074.41 iters/s

running (03m25.8s), 0175/0274 VUs, 7519 complete and 0 interrupted iterations
black_friday_2026_readiness...   [  16% ] 0175/0274 VUs  03m25.8s/22m0s  074.78 iters/s

running (03m26.8s), 0173/0274 VUs, 7596 complete and 0 interrupted iterations
black_friday_2026_readiness...   [  16% ] 0173/0274 VUs  03m26.8s/22m0s  075.14 iters/s

running (03m27.8s), 0178/0274 VUs, 7666 complete and 0 interrupted iterations
black_friday_2026_readiness...   [  16% ] 0178/0274 VUs  03m27.8s/22m0s  075.50 iters/s

running (03m28.8s), 0183/0274 VUs, 7737 complete and 0 interrupted iterations
black_friday_2026_readiness...   [  16% ] 0183/0274 VUs  03m28.8s/22m0s  075.87 iters/s

running (03m29.8s), 0181/0274 VUs, 7815 complete and 0 interrupted iterations
black_friday_2026_readiness...   [  16% ] 0181/0274 VUs  03m29.8s/22m0s  076.23 iters/s

running (03m30.8s), 0183/0274 VUs, 7889 complete and 0 interrupted iterations
black_friday_2026_readiness...   [  16% ] 0183/0274 VUs  03m30.8s/22m0s  076.59 iters/s

running (03m31.8s), 0180/0274 VUs, 7969 complete and 0 interrupted iterations
black_friday_2026_readiness...   [  16% ] 0180/0274 VUs  03m31.8s/22m0s  076.95 iters/s

running (03m32.8s), 0184/0274 VUs, 8042 complete and 0 interrupted iterations
black_friday_2026_readiness...   [  16% ] 0184/0274 VUs  03m32.8s/22m0s  077.32 iters/s

running (03m33.8s), 0180/0274 VUs, 8124 complete and 0 interrupted iterations
black_friday_2026_readiness...   [  16% ] 0180/0274 VUs  03m33.8s/22m0s  077.68 iters/s

running (03m34.8s), 0182/0274 VUs, 8199 complete and 0 interrupted iterations
black_friday_2026_readiness...   [  16% ] 0182/0274 VUs  03m34.8s/22m0s  078.04 iters/s

running (03m35.8s), 0183/0274 VUs, 8277 complete and 0 interrupted iterations
black_friday_2026_readiness...   [  16% ] 0183/0274 VUs  03m35.8s/22m0s  078.41 iters/s

running (03m36.8s), 0184/0274 VUs, 8354 complete and 0 interrupted iterations
black_friday_2026_readiness...   [  16% ] 0184/0274 VUs  03m36.8s/22m0s  078.77 iters/s

running (03m37.8s), 0180/0274 VUs, 8437 complete and 0 interrupted iterations
black_friday_2026_readiness...   [  17% ] 0180/0274 VUs  03m37.8s/22m0s  079.13 iters/s

running (03m38.8s), 0186/0274 VUs, 8510 complete and 0 interrupted iterations
black_friday_2026_readiness...   [  17% ] 0186/0274 VUs  03m38.8s/22m0s  079.50 iters/s

running (03m39.8s), 0189/0274 VUs, 8587 complete and 0 interrupted iterations
black_friday_2026_readiness...   [  17% ] 0189/0274 VUs  03m39.8s/22m0s  079.86 iters/s

running (03m40.8s), 0189/0274 VUs, 8668 complete and 0 interrupted iterations
black_friday_2026_readiness...   [  17% ] 0189/0274 VUs  03m40.8s/22m0s  080.23 iters/s

running (03m41.8s), 0188/0274 VUs, 8749 complete and 0 interrupted iterations
black_friday_2026_readiness...   [  17% ] 0188/0274 VUs  03m41.8s/22m0s  080.59 iters/s

running (03m42.8s), 0187/0274 VUs, 8830 complete and 0 interrupted iterations
black_friday_2026_readiness...   [  17% ] 0187/0274 VUs  03m42.8s/22m0s  080.95 iters/s

running (03m43.8s), 0186/0274 VUs, 8913 complete and 0 interrupted iterations
black_friday_2026_readiness...   [  17% ] 0186/0274 VUs  03m43.8s/22m0s  081.32 iters/s

running (03m44.8s), 0194/0274 VUs, 8986 complete and 0 interrupted iterations
black_friday_2026_readiness...   [  17% ] 0194/0274 VUs  03m44.8s/22m0s  081.68 iters/s

running (03m45.8s), 0191/0274 VUs, 9071 complete and 0 interrupted iterations
black_friday_2026_readiness...   [  17% ] 0191/0274 VUs  03m45.8s/22m0s  082.04 iters/s

running (03m46.8s), 0197/0274 VUs, 9147 complete and 0 interrupted iterations
black_friday_2026_readiness...   [  17% ] 0197/0274 VUs  03m46.8s/22m0s  082.40 iters/s

running (03m47.8s), 0190/0274 VUs, 9237 complete and 0 interrupted iterations
black_friday_2026_readiness...   [  17% ] 0190/0274 VUs  03m47.8s/22m0s  082.77 iters/s

running (03m48.8s), 0194/0274 VUs, 9316 complete and 0 interrupted iterations
black_friday_2026_readiness...   [  17% ] 0194/0274 VUs  03m48.8s/22m0s  083.13 iters/s

running (03m49.8s), 0194/0274 VUs, 9399 complete and 0 interrupted iterations
black_friday_2026_readiness...   [  17% ] 0194/0274 VUs  03m49.8s/22m0s  083.49 iters/s

running (03m50.8s), 0204/0274 VUs, 9473 complete and 0 interrupted iterations
black_friday_2026_readiness...   [  17% ] 0204/0274 VUs  03m50.8s/22m0s  083.86 iters/s

running (03m51.8s), 0199/0274 VUs, 9562 complete and 0 interrupted iterations
black_friday_2026_readiness...   [  18% ] 0199/0274 VUs  03m51.8s/22m0s  084.22 iters/s

running (03m52.8s), 0196/0274 VUs, 9649 complete and 0 interrupted iterations
black_friday_2026_readiness...   [  18% ] 0196/0274 VUs  03m52.8s/22m0s  084.58 iters/s

running (03m53.8s), 0194/0274 VUs, 9736 complete and 0 interrupted iterations
black_friday_2026_readiness...   [  18% ] 0194/0274 VUs  03m53.8s/22m0s  084.95 iters/s

running (03m54.8s), 0190/0274 VUs, 9825 complete and 0 interrupted iterations
black_friday_2026_readiness...   [  18% ] 0190/0274 VUs  03m54.8s/22m0s  085.31 iters/s

running (03m55.8s), 0193/0274 VUs, 9907 complete and 0 interrupted iterations
black_friday_2026_readiness...   [  18% ] 0193/0274 VUs  03m55.8s/22m0s  085.67 iters/s

running (03m56.8s), 0201/0274 VUs, 9985 complete and 0 interrupted iterations
black_friday_2026_readiness...   [  18% ] 0201/0274 VUs  03m56.8s/22m0s  086.04 iters/s

running (03m57.8s), 0204/0274 VUs, 10069 complete and 0 interrupted iterations
black_friday_2026_readiness...   [  18% ] 0204/0274 VUs  03m57.8s/22m0s  086.40 iters/s

running (03m58.8s), 0208/0274 VUs, 10151 complete and 0 interrupted iterations
black_friday_2026_readiness...   [  18% ] 0208/0274 VUs  03m58.8s/22m0s  086.76 iters/s

running (03m59.8s), 0204/0274 VUs, 10242 complete and 0 interrupted iterations
black_friday_2026_readiness...   [  18% ] 0204/0274 VUs  03m59.8s/22m0s  087.13 iters/s

running (04m00.8s), 0206/0274 VUs, 10327 complete and 0 interrupted iterations
black_friday_2026_readiness...   [  18% ] 0206/0274 VUs  04m00.8s/22m0s  087.49 iters/s

running (04m01.8s), 0202/0274 VUs, 10419 complete and 0 interrupted iterations
black_friday_2026_readiness...   [  18% ] 0202/0274 VUs  04m01.8s/22m0s  087.85 iters/s

running (04m02.8s), 0206/0274 VUs, 10503 complete and 0 interrupted iterations
black_friday_2026_readiness...   [  18% ] 0206/0274 VUs  04m02.8s/22m0s  088.22 iters/s

running (04m03.8s), 0214/0274 VUs, 10583 complete and 0 interrupted iterations
black_friday_2026_readiness...   [  18% ] 0214/0274 VUs  04m03.8s/22m0s  088.58 iters/s

running (04m04.8s), 0210/0274 VUs, 10676 complete and 0 interrupted iterations
black_friday_2026_readiness...   [  19% ] 0210/0274 VUs  04m04.8s/22m0s  088.94 iters/s

running (04m05.8s), 0206/0274 VUs, 10769 complete and 0 interrupted iterations
black_friday_2026_readiness...   [  19% ] 0206/0274 VUs  04m05.8s/22m0s  089.31 iters/s

running (04m06.8s), 0212/0274 VUs, 10853 complete and 0 interrupted iterations
black_friday_2026_readiness...   [  19% ] 0212/0274 VUs  04m06.8s/22m0s  089.67 iters/s

running (04m07.8s), 0216/0274 VUs, 10939 complete and 0 interrupted iterations
black_friday_2026_readiness...   [  19% ] 0216/0274 VUs  04m07.8s/22m0s  090.04 iters/s

running (04m08.8s), 0206/0274 VUs, 11039 complete and 0 interrupted iterations
black_friday_2026_readiness...   [  19% ] 0206/0274 VUs  04m08.8s/22m0s  090.40 iters/s

running (04m09.8s), 0208/0274 VUs, 11127 complete and 0 interrupted iterations
black_friday_2026_readiness...   [  19% ] 0208/0274 VUs  04m09.8s/22m0s  090.76 iters/s

running (04m10.8s), 0213/0274 VUs, 11213 complete and 0 interrupted iterations
black_friday_2026_readiness...   [  19% ] 0213/0274 VUs  04m10.8s/22m0s  091.12 iters/s

running (04m11.8s), 0211/0274 VUs, 11307 complete and 0 interrupted iterations
black_friday_2026_readiness...   [  19% ] 0211/0274 VUs  04m11.8s/22m0s  091.49 iters/s

running (04m12.8s), 0215/0274 VUs, 11394 complete and 0 interrupted iterations
black_friday_2026_readiness...   [  19% ] 0215/0274 VUs  04m12.8s/22m0s  091.85 iters/s

running (04m13.8s), 0219/0274 VUs, 11482 complete and 0 interrupted iterations
black_friday_2026_readiness...   [  19% ] 0219/0274 VUs  04m13.8s/22m0s  092.21 iters/s

running (04m14.8s), 0220/0274 VUs, 11574 complete and 0 interrupted iterations
black_friday_2026_readiness...   [  19% ] 0220/0274 VUs  04m14.8s/22m0s  092.58 iters/s

running (04m15.8s), 0214/0274 VUs, 11672 complete and 0 interrupted iterations
black_friday_2026_readiness...   [  19% ] 0214/0274 VUs  04m15.8s/22m0s  092.94 iters/s

running (04m16.8s), 0225/0274 VUs, 11755 complete and 0 interrupted iterations
black_friday_2026_readiness...   [  19% ] 0225/0274 VUs  04m16.8s/22m0s  093.31 iters/s

running (04m17.8s), 0223/0274 VUs, 11850 complete and 0 interrupted iterations
black_friday_2026_readiness...   [  20% ] 0223/0274 VUs  04m17.8s/22m0s  093.67 iters/s

running (04m18.8s), 0222/0274 VUs, 11945 complete and 0 interrupted iterations
black_friday_2026_readiness...   [  20% ] 0222/0274 VUs  04m18.8s/22m0s  094.03 iters/s

running (04m19.8s), 0215/0274 VUs, 12046 complete and 0 interrupted iterations
black_friday_2026_readiness...   [  20% ] 0215/0274 VUs  04m19.8s/22m0s  094.39 iters/s

running (04m20.8s), 0225/0274 VUs, 12131 complete and 0 interrupted iterations
black_friday_2026_readiness...   [  20% ] 0225/0274 VUs  04m20.8s/22m0s  094.76 iters/s

running (04m21.8s), 0220/0274 VUs, 12231 complete and 0 interrupted iterations
black_friday_2026_readiness...   [  20% ] 0220/0274 VUs  04m21.8s/22m0s  095.12 iters/s

running (04m22.8s), 0222/0274 VUs, 12324 complete and 0 interrupted iterations
black_friday_2026_readiness...   [  20% ] 0222/0274 VUs  04m22.8s/22m0s  095.48 iters/s

running (04m23.8s), 0221/0274 VUs, 12421 complete and 0 interrupted iterations
black_friday_2026_readiness...   [  20% ] 0221/0274 VUs  04m23.8s/22m0s  095.85 iters/s

running (04m24.8s), 0232/0274 VUs, 12506 complete and 0 interrupted iterations
black_friday_2026_readiness...   [  20% ] 0232/0274 VUs  04m24.8s/22m0s  096.21 iters/s

running (04m25.8s), 0228/0274 VUs, 12606 complete and 0 interrupted iterations
black_friday_2026_readiness...   [  20% ] 0228/0274 VUs  04m25.8s/22m0s  096.57 iters/s

running (04m26.8s), 0235/0274 VUs, 12696 complete and 0 interrupted iterations
black_friday_2026_readiness...   [  20% ] 0235/0274 VUs  04m26.8s/22m0s  096.94 iters/s

running (04m27.8s), 0229/0274 VUs, 12799 complete and 0 interrupted iterations
black_friday_2026_readiness...   [  20% ] 0229/0274 VUs  04m27.8s/22m0s  097.30 iters/s

running (04m28.8s), 0230/0274 VUs, 12896 complete and 0 interrupted iterations
black_friday_2026_readiness...   [  20% ] 0230/0274 VUs  04m28.8s/22m0s  097.67 iters/s

running (04m29.8s), 0227/0274 VUs, 12996 complete and 0 interrupted iterations
black_friday_2026_readiness...   [  20% ] 0227/0274 VUs  04m29.8s/22m0s  098.03 iters/s

running (04m30.8s), 0224/0274 VUs, 13098 complete and 0 interrupted iterations
black_friday_2026_readiness...   [  21% ] 0224/0274 VUs  04m30.8s/22m0s  098.39 iters/s

running (04m31.8s), 0222/0274 VUs, 13198 complete and 0 interrupted iterations
black_friday_2026_readiness...   [  21% ] 0222/0274 VUs  04m31.8s/22m0s  098.75 iters/s

running (04m32.8s), 0233/0274 VUs, 13286 complete and 0 interrupted iterations
black_friday_2026_readiness...   [  21% ] 0233/0274 VUs  04m32.8s/22m0s  099.12 iters/s

running (04m33.8s), 0230/0274 VUs, 13388 complete and 0 interrupted iterations
black_friday_2026_readiness...   [  21% ] 0230/0274 VUs  04m33.8s/22m0s  099.48 iters/s

running (04m34.8s), 0235/0274 VUs, 13483 complete and 0 interrupted iterations
black_friday_2026_readiness...   [  21% ] 0235/0274 VUs  04m34.8s/22m0s  099.84 iters/s

running (04m35.8s), 0245/0274 VUs, 13573 complete and 0 interrupted iterations
black_friday_2026_readiness...   [  21% ] 0245/0274 VUs  04m35.8s/22m0s  100.21 iters/s

running (04m36.8s), 0234/0274 VUs, 13684 complete and 0 interrupted iterations
black_friday_2026_readiness...   [  21% ] 0234/0274 VUs  04m36.8s/22m0s  100.57 iters/s

running (04m37.8s), 0233/0274 VUs, 13786 complete and 0 interrupted iterations
black_friday_2026_readiness...   [  21% ] 0233/0274 VUs  04m37.8s/22m0s  100.93 iters/s

running (04m38.8s), 0231/0274 VUs, 13889 complete and 0 interrupted iterations
black_friday_2026_readiness...   [  21% ] 0231/0274 VUs  04m38.8s/22m0s  101.30 iters/s

running (04m39.8s), 0225/0274 VUs, 13997 complete and 0 interrupted iterations
black_friday_2026_readiness...   [  21% ] 0225/0274 VUs  04m39.8s/22m0s  101.66 iters/s

running (04m40.8s), 0239/0274 VUs, 14085 complete and 0 interrupted iterations
black_friday_2026_readiness...   [  21% ] 0239/0274 VUs  04m40.8s/22m0s  102.03 iters/s

running (04m41.8s), 0243/0274 VUs, 14183 complete and 0 interrupted iterations
black_friday_2026_readiness...   [  21% ] 0243/0274 VUs  04m41.8s/22m0s  102.39 iters/s

running (04m42.8s), 0242/0274 VUs, 14286 complete and 0 interrupted iterations
black_friday_2026_readiness...   [  21% ] 0242/0274 VUs  04m42.8s/22m0s  102.75 iters/s

running (04m43.8s), 0242/0274 VUs, 14389 complete and 0 interrupted iterations
black_friday_2026_readiness...   [  22% ] 0242/0274 VUs  04m43.8s/22m0s  103.11 iters/s

running (04m44.8s), 0248/0274 VUs, 14487 complete and 0 interrupted iterations
black_friday_2026_readiness...   [  22% ] 0248/0274 VUs  04m44.8s/22m0s  103.48 iters/s

running (04m45.8s), 0257/0274 VUs, 14581 complete and 0 interrupted iterations
black_friday_2026_readiness...   [  22% ] 0257/0274 VUs  04m45.8s/22m0s  103.84 iters/s

running (04m46.8s), 0247/0274 VUs, 14695 complete and 0 interrupted iterations
black_friday_2026_readiness...   [  22% ] 0247/0274 VUs  04m46.8s/22m0s  104.20 iters/s

running (04m47.8s), 0242/0274 VUs, 14805 complete and 0 interrupted iterations
black_friday_2026_readiness...   [  22% ] 0242/0274 VUs  04m47.8s/22m0s  104.57 iters/s

running (04m48.8s), 0246/0274 VUs, 14905 complete and 0 interrupted iterations
black_friday_2026_readiness...   [  22% ] 0246/0274 VUs  04m48.8s/22m0s  104.93 iters/s

running (04m49.8s), 0245/0274 VUs, 15011 complete and 0 interrupted iterations
black_friday_2026_readiness...   [  22% ] 0245/0274 VUs  04m49.8s/22m0s  105.29 iters/s

running (04m50.8s), 0245/0274 VUs, 15117 complete and 0 interrupted iterations
black_friday_2026_readiness...   [  22% ] 0245/0274 VUs  04m50.8s/22m0s  105.66 iters/s

running (04m51.8s), 0247/0274 VUs, 15221 complete and 0 interrupted iterations
black_friday_2026_readiness...   [  22% ] 0247/0274 VUs  04m51.8s/22m0s  106.02 iters/s

running (04m52.8s), 0242/0274 VUs, 15332 complete and 0 interrupted iterations
black_friday_2026_readiness...   [  22% ] 0242/0274 VUs  04m52.8s/22m0s  106.38 iters/s

running (04m53.8s), 0241/0274 VUs, 15439 complete and 0 interrupted iterations
black_friday_2026_readiness...   [  22% ] 0241/0274 VUs  04m53.8s/22m0s  106.75 iters/s

running (04m54.8s), 0247/0274 VUs, 15541 complete and 0 interrupted iterations
black_friday_2026_readiness...   [  22% ] 0247/0274 VUs  04m54.8s/22m0s  107.11 iters/s

running (04m55.8s), 0255/0274 VUs, 15640 complete and 0 interrupted iterations
black_friday_2026_readiness...   [  22% ] 0255/0274 VUs  04m55.8s/22m0s  107.47 iters/s

running (04m56.8s), 0258/0274 VUs, 15745 complete and 0 interrupted iterations
black_friday_2026_readiness...   [  22% ] 0258/0274 VUs  04m56.8s/22m0s  107.84 iters/s

running (04m57.8s), 0260/0274 VUs, 15851 complete and 0 interrupted iterations
black_friday_2026_readiness...   [  23% ] 0260/0274 VUs  04m57.8s/22m0s  108.20 iters/s

running (04m58.8s), 0258/0274 VUs, 15961 complete and 0 interrupted iterations
black_friday_2026_readiness...   [  23% ] 0258/0274 VUs  04m58.8s/22m0s  108.56 iters/s

running (04m59.8s), 0255/0274 VUs, 16072 complete and 0 interrupted iterations
black_friday_2026_readiness...   [  23% ] 0255/0274 VUs  04m59.8s/22m0s  108.92 iters/s

running (05m00.8s), 0268/0274 VUs, 16169 complete and 0 interrupted iterations
black_friday_2026_readiness...   [  23% ] 0268/0274 VUs  05m00.8s/22m0s  109.00 iters/s

running (05m01.8s), 0264/0274 VUs, 16282 complete and 0 interrupted iterations
black_friday_2026_readiness...   [  23% ] 0264/0274 VUs  05m01.8s/22m0s  109.00 iters/s

running (05m02.8s), 0260/0274 VUs, 16394 complete and 0 interrupted iterations
black_friday_2026_readiness...   [  23% ] 0260/0274 VUs  05m02.8s/22m0s  109.00 iters/s

running (05m03.8s), 0261/0274 VUs, 16503 complete and 0 interrupted iterations
black_friday_2026_readiness...   [  23% ] 0261/0274 VUs  05m03.8s/22m0s  109.00 iters/s

running (05m04.8s), 0257/0274 VUs, 16616 complete and 0 interrupted iterations
black_friday_2026_readiness...   [  23% ] 0257/0274 VUs  05m04.8s/22m0s  109.00 iters/s

running (05m05.8s), 0259/0274 VUs, 16722 complete and 0 interrupted iterations
black_friday_2026_readiness...   [  23% ] 0259/0274 VUs  05m05.8s/22m0s  109.00 iters/s

running (05m06.8s), 0256/0274 VUs, 16834 complete and 0 interrupted iterations
black_friday_2026_readiness...   [  23% ] 0256/0274 VUs  05m06.8s/22m0s  109.00 iters/s

running (05m07.8s), 0259/0274 VUs, 16941 complete and 0 interrupted iterations
black_friday_2026_readiness...   [  23% ] 0259/0274 VUs  05m07.8s/22m0s  109.00 iters/s

running (05m08.8s), 0252/0274 VUs, 17057 complete and 0 interrupted iterations
black_friday_2026_readiness...   [  23% ] 0252/0274 VUs  05m08.8s/22m0s  109.00 iters/s

running (05m09.8s), 0249/0274 VUs, 17169 complete and 0 interrupted iterations
black_friday_2026_readiness...   [  23% ] 0249/0274 VUs  05m09.8s/22m0s  109.00 iters/s

running (05m10.8s), 0258/0274 VUs, 17269 complete and 0 interrupted iterations
black_friday_2026_readiness...   [  24% ] 0258/0274 VUs  05m10.8s/22m0s  109.00 iters/s

running (05m11.8s), 0244/0274 VUs, 17391 complete and 0 interrupted iterations
black_friday_2026_readiness...   [  24% ] 0244/0274 VUs  05m11.8s/22m0s  109.00 iters/s

running (05m12.8s), 0251/0274 VUs, 17494 complete and 0 interrupted iterations
black_friday_2026_readiness...   [  24% ] 0251/0274 VUs  05m12.8s/22m0s  109.00 iters/s

running (05m13.8s), 0251/0274 VUs, 17603 complete and 0 interrupted iterations
black_friday_2026_readiness...   [  24% ] 0251/0274 VUs  05m13.8s/22m0s  109.00 iters/s

running (05m14.8s), 0256/0274 VUs, 17707 complete and 0 interrupted iterations
black_friday_2026_readiness...   [  24% ] 0256/0274 VUs  05m14.8s/22m0s  109.00 iters/s

running (05m15.8s), 0267/0274 VUs, 17805 complete and 0 interrupted iterations
black_friday_2026_readiness...   [  24% ] 0267/0274 VUs  05m15.8s/22m0s  109.00 iters/s

running (05m16.8s), 0256/0274 VUs, 17925 complete and 0 interrupted iterations
black_friday_2026_readiness...   [  24% ] 0256/0274 VUs  05m16.8s/22m0s  109.00 iters/s

running (05m17.8s), 0253/0274 VUs, 18037 complete and 0 interrupted iterations
black_friday_2026_readiness...   [  24% ] 0253/0274 VUs  05m17.8s/22m0s  109.00 iters/s

running (05m18.8s), 0263/0274 VUs, 18136 complete and 0 interrupted iterations
black_friday_2026_readiness...   [  24% ] 0263/0274 VUs  05m18.8s/22m0s  109.00 iters/s

running (05m19.8s), 0262/0274 VUs, 18246 complete and 0 interrupted iterations
black_friday_2026_readiness...   [  24% ] 0262/0274 VUs  05m19.8s/22m0s  109.00 iters/s

running (05m20.8s), 0251/0274 VUs, 18366 complete and 0 interrupted iterations
black_friday_2026_readiness...   [  24% ] 0251/0274 VUs  05m20.8s/22m0s  109.00 iters/s

running (05m21.8s), 0256/0274 VUs, 18470 complete and 0 interrupted iterations
black_friday_2026_readiness...   [  24% ] 0256/0274 VUs  05m21.8s/22m0s  109.00 iters/s

running (05m22.8s), 0256/0274 VUs, 18579 complete and 0 interrupted iterations
black_friday_2026_readiness...   [  24% ] 0256/0274 VUs  05m22.8s/22m0s  109.00 iters/s

running (05m23.8s), 0268/0274 VUs, 18676 complete and 0 interrupted iterations
black_friday_2026_readiness...   [  25% ] 0268/0274 VUs  05m23.8s/22m0s  109.00 iters/s

running (05m24.8s), 0254/0274 VUs, 18799 complete and 0 interrupted iterations
black_friday_2026_readiness...   [  25% ] 0254/0274 VUs  05m24.8s/22m0s  109.00 iters/s

running (05m25.8s), 0257/0274 VUs, 18905 complete and 0 interrupted iterations
black_friday_2026_readiness...   [  25% ] 0257/0274 VUs  05m25.8s/22m0s  109.00 iters/s

running (05m26.8s), 0264/0274 VUs, 19007 complete and 0 interrupted iterations
black_friday_2026_readiness...   [  25% ] 0264/0274 VUs  05m26.8s/22m0s  109.00 iters/s

running (05m27.8s), 0261/0274 VUs, 19119 complete and 0 interrupted iterations
black_friday_2026_readiness...   [  25% ] 0261/0274 VUs  05m27.8s/22m0s  109.00 iters/s

running (05m28.8s), 0261/0274 VUs, 19228 complete and 0 interrupted iterations
black_friday_2026_readiness...   [  25% ] 0261/0274 VUs  05m28.8s/22m0s  109.00 iters/s

running (05m29.8s), 0251/0274 VUs, 19346 complete and 0 interrupted iterations
black_friday_2026_readiness...   [  25% ] 0251/0274 VUs  05m29.8s/22m0s  109.00 iters/s

running (05m30.8s), 0255/0274 VUs, 19452 complete and 0 interrupted iterations
black_friday_2026_readiness...   [  25% ] 0255/0274 VUs  05m30.8s/22m0s  109.00 iters/s

running (05m31.8s), 0260/0274 VUs, 19556 complete and 0 interrupted iterations
black_friday_2026_readiness...   [  25% ] 0260/0274 VUs  05m31.8s/22m0s  109.00 iters/s

running (05m32.8s), 0248/0274 VUs, 19677 complete and 0 interrupted iterations
black_friday_2026_readiness...   [  25% ] 0248/0274 VUs  05m32.8s/22m0s  109.00 iters/s

running (05m33.8s), 0253/0274 VUs, 19781 complete and 0 interrupted iterations
black_friday_2026_readiness...   [  25% ] 0253/0274 VUs  05m33.8s/22m0s  109.00 iters/s

running (05m34.8s), 0250/0274 VUs, 19892 complete and 0 interrupted iterations
black_friday_2026_readiness...   [  25% ] 0250/0274 VUs  05m34.8s/22m0s  109.00 iters/s

running (05m35.8s), 0254/0274 VUs, 19998 complete and 0 interrupted iterations
black_friday_2026_readiness...   [  25% ] 0254/0274 VUs  05m35.8s/22m0s  109.00 iters/s

running (05m36.8s), 0266/0274 VUs, 20095 complete and 0 interrupted iterations
black_friday_2026_readiness...   [  26% ] 0266/0274 VUs  05m36.8s/22m0s  109.00 iters/s

running (05m37.8s), 0253/0274 VUs, 20217 complete and 0 interrupted iterations
black_friday_2026_readiness...   [  26% ] 0253/0274 VUs  05m37.8s/22m0s  109.00 iters/s

running (05m38.8s), 0255/0274 VUs, 20323 complete and 0 interrupted iterations
black_friday_2026_readiness...   [  26% ] 0255/0274 VUs  05m38.8s/22m0s  109.00 iters/s

running (05m39.8s), 0254/0274 VUs, 20434 complete and 0 interrupted iterations
black_friday_2026_readiness...   [  26% ] 0254/0274 VUs  05m39.8s/22m0s  109.00 iters/s

running (05m40.8s), 0262/0274 VUs, 20535 complete and 0 interrupted iterations
black_friday_2026_readiness...   [  26% ] 0262/0274 VUs  05m40.8s/22m0s  109.00 iters/s

running (05m41.8s), 0259/0274 VUs, 20647 complete and 0 interrupted iterations
black_friday_2026_readiness...   [  26% ] 0259/0274 VUs  05m41.8s/22m0s  109.00 iters/s

running (05m42.8s), 0264/0274 VUs, 20751 complete and 0 interrupted iterations
black_friday_2026_readiness...   [  26% ] 0264/0274 VUs  05m42.8s/22m0s  109.00 iters/s

running (05m43.8s), 0264/0274 VUs, 20860 complete and 0 interrupted iterations
black_friday_2026_readiness...   [  26% ] 0264/0274 VUs  05m43.8s/22m0s  109.00 iters/s

running (05m44.8s), 0265/0274 VUs, 20968 complete and 0 interrupted iterations
black_friday_2026_readiness...   [  26% ] 0265/0274 VUs  05m44.8s/22m0s  109.00 iters/s

running (05m45.8s), 0249/0274 VUs, 21093 complete and 0 interrupted iterations
black_friday_2026_readiness...   [  26% ] 0249/0274 VUs  05m45.8s/22m0s  109.00 iters/s

running (05m46.8s), 0259/0274 VUs, 21192 complete and 0 interrupted iterations
black_friday_2026_readiness...   [  26% ] 0259/0274 VUs  05m46.8s/22m0s  109.00 iters/s

running (05m47.8s), 0255/0274 VUs, 21305 complete and 0 interrupted iterations
black_friday_2026_readiness...   [  26% ] 0255/0274 VUs  05m47.8s/22m0s  109.00 iters/s

running (05m48.8s), 0259/0274 VUs, 21410 complete and 0 interrupted iterations
black_friday_2026_readiness...   [  26% ] 0259/0274 VUs  05m48.8s/22m0s  109.00 iters/s

running (05m49.8s), 0260/0274 VUs, 21518 complete and 0 interrupted iterations
black_friday_2026_readiness...   [  27% ] 0260/0274 VUs  05m49.8s/22m0s  109.00 iters/s

running (05m50.8s), 0265/0274 VUs, 21622 complete and 0 interrupted iterations
black_friday_2026_readiness...   [  27% ] 0265/0274 VUs  05m50.8s/22m0s  109.00 iters/s

running (05m51.8s), 0252/0274 VUs, 21744 complete and 0 interrupted iterations
black_friday_2026_readiness...   [  27% ] 0252/0274 VUs  05m51.8s/22m0s  109.00 iters/s

running (05m52.8s), 0256/0274 VUs, 21849 complete and 0 interrupted iterations
black_friday_2026_readiness...   [  27% ] 0256/0274 VUs  05m52.8s/22m0s  109.00 iters/s

running (05m53.8s), 0255/0274 VUs, 21959 complete and 0 interrupted iterations
black_friday_2026_readiness...   [  27% ] 0255/0274 VUs  05m53.8s/22m0s  109.00 iters/s

running (05m54.8s), 0260/0274 VUs, 22063 complete and 0 interrupted iterations
black_friday_2026_readiness...   [  27% ] 0260/0274 VUs  05m54.8s/22m0s  109.00 iters/s

running (05m55.8s), 0247/0274 VUs, 22185 complete and 0 interrupted iterations
black_friday_2026_readiness...   [  27% ] 0247/0274 VUs  05m55.8s/22m0s  109.00 iters/s

running (05m56.8s), 0252/0274 VUs, 22289 complete and 0 interrupted iterations
black_friday_2026_readiness...   [  27% ] 0252/0274 VUs  05m56.8s/22m0s  109.00 iters/s

running (05m57.8s), 0260/0274 VUs, 22390 complete and 0 interrupted iterations
black_friday_2026_readiness...   [  27% ] 0260/0274 VUs  05m57.8s/22m0s  109.00 iters/s

running (05m58.8s), 0248/0274 VUs, 22511 complete and 0 interrupted iterations
black_friday_2026_readiness...   [  27% ] 0248/0274 VUs  05m58.8s/22m0s  109.00 iters/s

running (05m59.8s), 0252/0274 VUs, 22615 complete and 0 interrupted iterations
black_friday_2026_readiness...   [  27% ] 0252/0274 VUs  05m59.8s/22m0s  109.00 iters/s

running (06m00.8s), 0248/0274 VUs, 22727 complete and 0 interrupted iterations
black_friday_2026_readiness...   [  27% ] 0248/0274 VUs  06m00.8s/22m0s  109.00 iters/s

running (06m01.8s), 0256/0274 VUs, 22830 complete and 0 interrupted iterations
black_friday_2026_readiness...   [  27% ] 0256/0274 VUs  06m01.8s/22m0s  109.00 iters/s

running (06m02.8s), 0254/0274 VUs, 22941 complete and 0 interrupted iterations
black_friday_2026_readiness...   [  27% ] 0254/0274 VUs  06m02.8s/22m0s  109.00 iters/s

running (06m03.8s), 0255/0274 VUs, 23048 complete and 0 interrupted iterations
black_friday_2026_readiness...   [  28% ] 0255/0274 VUs  06m03.8s/22m0s  109.00 iters/s

running (06m04.8s), 0259/0274 VUs, 23154 complete and 0 interrupted iterations
black_friday_2026_readiness...   [  28% ] 0259/0274 VUs  06m04.8s/22m0s  109.00 iters/s

running (06m05.8s), 0253/0274 VUs, 23269 complete and 0 interrupted iterations
black_friday_2026_readiness...   [  28% ] 0253/0274 VUs  06m05.8s/22m0s  109.00 iters/s

running (06m06.8s), 0249/0274 VUs, 23381 complete and 0 interrupted iterations
black_friday_2026_readiness...   [  28% ] 0250/0274 VUs  06m06.8s/22m0s  109.00 iters/s

running (06m07.8s), 0262/0274 VUs, 23478 complete and 0 interrupted iterations
black_friday_2026_readiness...   [  28% ] 0262/0274 VUs  06m07.8s/22m0s  109.00 iters/s

running (06m08.8s), 0257/0274 VUs, 23591 complete and 0 interrupted iterations
black_friday_2026_readiness...   [  28% ] 0257/0274 VUs  06m08.8s/22m0s  109.00 iters/s

running (06m09.8s), 0267/0274 VUs, 23691 complete and 0 interrupted iterations
black_friday_2026_readiness...   [  28% ] 0267/0274 VUs  06m09.8s/22m0s  109.00 iters/s

running (06m10.8s), 0268/0274 VUs, 23799 complete and 0 interrupted iterations
black_friday_2026_readiness...   [  28% ] 0268/0274 VUs  06m10.8s/22m0s  109.00 iters/s

running (06m11.8s), 0260/0274 VUs, 23916 complete and 0 interrupted iterations
black_friday_2026_readiness...   [  28% ] 0260/0274 VUs  06m11.8s/22m0s  109.00 iters/s

running (06m12.8s), 0256/0274 VUs, 24029 complete and 0 interrupted iterations
black_friday_2026_readiness...   [  28% ] 0256/0274 VUs  06m12.8s/22m0s  109.00 iters/s

running (06m13.8s), 0253/0274 VUs, 24141 complete and 0 interrupted iterations
black_friday_2026_readiness...   [  28% ] 0253/0274 VUs  06m13.8s/22m0s  109.00 iters/s

running (06m14.8s), 0270/0274 VUs, 24233 complete and 0 interrupted iterations
black_friday_2026_readiness...   [  28% ] 0270/0274 VUs  06m14.8s/22m0s  109.00 iters/s

running (06m15.8s), 0266/0274 VUs, 24345 complete and 0 interrupted iterations
black_friday_2026_readiness...   [  28% ] 0266/0274 VUs  06m15.8s/22m0s  109.00 iters/s

running (06m16.8s), 0263/0274 VUs, 24458 complete and 0 interrupted iterations
black_friday_2026_readiness...   [  29% ] 0263/0274 VUs  06m16.8s/22m0s  109.00 iters/s

running (06m17.8s), 0263/0274 VUs, 24566 complete and 0 interrupted iterations
black_friday_2026_readiness...   [  29% ] 0263/0274 VUs  06m17.8s/22m0s  109.00 iters/s

running (06m18.8s), 0252/0274 VUs, 24687 complete and 0 interrupted iterations
black_friday_2026_readiness...   [  29% ] 0252/0274 VUs  06m18.8s/22m0s  109.00 iters/s

running (06m19.8s), 0255/0274 VUs, 24793 complete and 0 interrupted iterations
black_friday_2026_readiness...   [  29% ] 0255/0274 VUs  06m19.8s/22m0s  109.00 iters/s

running (06m20.8s), 0267/0274 VUs, 24890 complete and 0 interrupted iterations
black_friday_2026_readiness...   [  29% ] 0267/0274 VUs  06m20.8s/22m0s  109.00 iters/s

running (06m21.8s), 0263/0274 VUs, 25003 complete and 0 interrupted iterations
black_friday_2026_readiness...   [  29% ] 0263/0274 VUs  06m21.8s/22m0s  109.00 iters/s

running (06m22.8s), 0260/0274 VUs, 25115 complete and 0 interrupted iterations
black_friday_2026_readiness...   [  29% ] 0260/0274 VUs  06m22.8s/22m0s  109.00 iters/s

running (06m23.8s), 0248/0274 VUs, 25236 complete and 0 interrupted iterations
black_friday_2026_readiness...   [  29% ] 0248/0274 VUs  06m23.8s/22m0s  109.00 iters/s

running (06m24.8s), 0248/0274 VUs, 25344 complete and 0 interrupted iterations
black_friday_2026_readiness...   [  29% ] 0248/0274 VUs  06m24.8s/22m0s  109.00 iters/s

running (06m25.8s), 0263/0274 VUs, 25439 complete and 0 interrupted iterations
black_friday_2026_readiness...   [  29% ] 0263/0274 VUs  06m25.8s/22m0s  109.00 iters/s

running (06m26.8s), 0259/0274 VUs, 25552 complete and 0 interrupted iterations
black_friday_2026_readiness...   [  29% ] 0259/0274 VUs  06m26.8s/22m0s  109.00 iters/s

running (06m27.8s), 0255/0274 VUs, 25665 complete and 0 interrupted iterations
black_friday_2026_readiness...   [  29% ] 0254/0274 VUs  06m27.8s/22m0s  109.00 iters/s

running (06m28.8s), 0250/0274 VUs, 25779 complete and 0 interrupted iterations
black_friday_2026_readiness...   [  29% ] 0250/0274 VUs  06m28.8s/22m0s  109.00 iters/s

running (06m29.8s), 0258/0274 VUs, 25880 complete and 0 interrupted iterations
black_friday_2026_readiness...   [  30% ] 0258/0274 VUs  06m29.8s/22m0s  109.00 iters/s

running (06m30.8s), 0257/0274 VUs, 25990 complete and 0 interrupted iterations
black_friday_2026_readiness...   [  30% ] 0257/0274 VUs  06m30.8s/22m0s  109.00 iters/s

running (06m31.8s), 0265/0274 VUs, 26091 complete and 0 interrupted iterations
black_friday_2026_readiness...   [  30% ] 0265/0274 VUs  06m31.8s/22m0s  109.00 iters/s

running (06m32.8s), 0257/0274 VUs, 26208 complete and 0 interrupted iterations
black_friday_2026_readiness...   [  30% ] 0257/0274 VUs  06m32.8s/22m0s  109.00 iters/s

running (06m33.8s), 0258/0274 VUs, 26316 complete and 0 interrupted iterations
black_friday_2026_readiness...   [  30% ] 0258/0274 VUs  06m33.8s/22m0s  109.00 iters/s

running (06m34.8s), 0255/0274 VUs, 26428 complete and 0 interrupted iterations
black_friday_2026_readiness...   [  30% ] 0255/0274 VUs  06m34.8s/22m0s  109.00 iters/s

running (06m35.8s), 0259/0274 VUs, 26532 complete and 0 interrupted iterations
black_friday_2026_readiness...   [  30% ] 0259/0274 VUs  06m35.8s/22m0s  109.00 iters/s

running (06m36.8s), 0260/0274 VUs, 26641 complete and 0 interrupted iterations
black_friday_2026_readiness...   [  30% ] 0260/0274 VUs  06m36.8s/22m0s  109.00 iters/s

running (06m37.8s), 0268/0274 VUs, 26742 complete and 0 interrupted iterations
black_friday_2026_readiness...   [  30% ] 0268/0274 VUs  06m37.8s/22m0s  109.00 iters/s

running (06m38.8s), 0259/0274 VUs, 26860 complete and 0 interrupted iterations
black_friday_2026_readiness...   [  30% ] 0259/0274 VUs  06m38.8s/22m0s  109.00 iters/s

running (06m39.8s), 0263/0274 VUs, 26965 complete and 0 interrupted iterations
black_friday_2026_readiness...   [  30% ] 0263/0274 VUs  06m39.8s/22m0s  109.00 iters/s

running (06m40.8s), 0265/0274 VUs, 27072 complete and 0 interrupted iterations
black_friday_2026_readiness...   [  30% ] 0265/0274 VUs  06m40.8s/22m0s  109.00 iters/s

running (06m41.8s), 0258/0274 VUs, 27188 complete and 0 interrupted iterations
black_friday_2026_readiness...   [  30% ] 0258/0274 VUs  06m41.8s/22m0s  109.00 iters/s

running (06m42.8s), 0263/0274 VUs, 27292 complete and 0 interrupted iterations
black_friday_2026_readiness...   [  31% ] 0263/0274 VUs  06m42.8s/22m0s  109.00 iters/s

running (06m43.8s), 0257/0274 VUs, 27406 complete and 0 interrupted iterations
black_friday_2026_readiness...   [  31% ] 0257/0274 VUs  06m43.8s/22m0s  109.00 iters/s

running (06m44.8s), 0261/0274 VUs, 27512 complete and 0 interrupted iterations
black_friday_2026_readiness...   [  31% ] 0261/0274 VUs  06m44.8s/22m0s  109.00 iters/s

running (06m45.8s), 0256/0274 VUs, 27625 complete and 0 interrupted iterations
black_friday_2026_readiness...   [  31% ] 0256/0274 VUs  06m45.8s/22m0s  109.00 iters/s

running (06m46.8s), 0256/0274 VUs, 27734 complete and 0 interrupted iterations
black_friday_2026_readiness...   [  31% ] 0256/0274 VUs  06m46.8s/22m0s  109.00 iters/s

running (06m47.8s), 0254/0274 VUs, 27846 complete and 0 interrupted iterations
black_friday_2026_readiness...   [  31% ] 0254/0274 VUs  06m47.8s/22m0s  109.00 iters/s

running (06m48.8s), 0258/0274 VUs, 27951 complete and 0 interrupted iterations
black_friday_2026_readiness...   [  31% ] 0258/0274 VUs  06m48.8s/22m0s  109.00 iters/s

running (06m49.8s), 0263/0274 VUs, 28054 complete and 0 interrupted iterations
black_friday_2026_readiness...   [  31% ] 0263/0274 VUs  06m49.8s/22m0s  109.00 iters/s

running (06m50.8s), 0259/0274 VUs, 28168 complete and 0 interrupted iterations
black_friday_2026_readiness...   [  31% ] 0259/0274 VUs  06m50.8s/22m0s  109.00 iters/s

running (06m51.8s), 0258/0274 VUs, 28277 complete and 0 interrupted iterations
black_friday_2026_readiness...   [  31% ] 0258/0274 VUs  06m51.8s/22m0s  109.00 iters/s

running (06m52.8s), 0254/0274 VUs, 28391 complete and 0 interrupted iterations
black_friday_2026_readiness...   [  31% ] 0254/0274 VUs  06m52.8s/22m0s  109.00 iters/s

running (06m53.8s), 0254/0274 VUs, 28500 complete and 0 interrupted iterations
black_friday_2026_readiness...   [  31% ] 0254/0274 VUs  06m53.8s/22m0s  109.00 iters/s

running (06m54.8s), 0258/0274 VUs, 28605 complete and 0 interrupted iterations
black_friday_2026_readiness...   [  31% ] 0258/0274 VUs  06m54.8s/22m0s  109.00 iters/s

running (06m55.8s), 0255/0274 VUs, 28717 complete and 0 interrupted iterations
black_friday_2026_readiness...   [  32% ] 0255/0274 VUs  06m55.8s/22m0s  109.00 iters/s

running (06m56.8s), 0254/0274 VUs, 28827 complete and 0 interrupted iterations
black_friday_2026_readiness...   [  32% ] 0254/0274 VUs  06m56.8s/22m0s  109.00 iters/s

running (06m57.8s), 0248/0274 VUs, 28942 complete and 0 interrupted iterations
black_friday_2026_readiness...   [  32% ] 0248/0274 VUs  06m57.8s/22m0s  109.00 iters/s

running (06m58.8s), 0252/0274 VUs, 29046 complete and 0 interrupted iterations
black_friday_2026_readiness...   [  32% ] 0252/0274 VUs  06m58.8s/22m0s  109.00 iters/s

running (06m59.8s), 0249/0274 VUs, 29159 complete and 0 interrupted iterations
black_friday_2026_readiness...   [  32% ] 0249/0274 VUs  06m59.8s/22m0s  109.00 iters/s

running (07m00.8s), 0253/0274 VUs, 29264 complete and 0 interrupted iterations
black_friday_2026_readiness...   [  32% ] 0253/0274 VUs  07m00.8s/22m0s  109.00 iters/s

running (07m01.8s), 0256/0274 VUs, 29370 complete and 0 interrupted iterations
black_friday_2026_readiness...   [  32% ] 0256/0274 VUs  07m01.8s/22m0s  109.00 iters/s

running (07m02.8s), 0263/0274 VUs, 29472 complete and 0 interrupted iterations
black_friday_2026_readiness...   [  32% ] 0263/0274 VUs  07m02.8s/22m0s  109.00 iters/s

running (07m03.8s), 0259/0274 VUs, 29585 complete and 0 interrupted iterations
black_friday_2026_readiness...   [  32% ] 0259/0274 VUs  07m03.8s/22m0s  109.00 iters/s

running (07m04.8s), 0252/0274 VUs, 29699 complete and 0 interrupted iterations
black_friday_2026_readiness...   [  32% ] 0252/0274 VUs  07m04.8s/22m0s  109.00 iters/s

running (07m05.8s), 0259/0274 VUs, 29803 complete and 0 interrupted iterations
black_friday_2026_readiness...   [  32% ] 0259/0274 VUs  07m05.8s/22m0s  109.00 iters/s

running (07m06.8s), 0255/0274 VUs, 29916 complete and 0 interrupted iterations
black_friday_2026_readiness...   [  32% ] 0255/0274 VUs  07m06.8s/22m0s  109.00 iters/s

running (07m07.8s), 0256/0274 VUs, 30023 complete and 0 interrupted iterations
black_friday_2026_readiness...   [  32% ] 0256/0274 VUs  07m07.8s/22m0s  109.00 iters/s

running (07m08.8s), 0259/0274 VUs, 30130 complete and 0 interrupted iterations
black_friday_2026_readiness...   [  32% ] 0259/0274 VUs  07m08.8s/22m0s  109.00 iters/s

running (07m09.8s), 0248/0274 VUs, 30250 complete and 0 interrupted iterations
black_friday_2026_readiness...   [  33% ] 0248/0274 VUs  07m09.8s/22m0s  109.00 iters/s

running (07m10.8s), 0251/0274 VUs, 30356 complete and 0 interrupted iterations
black_friday_2026_readiness...   [  33% ] 0251/0274 VUs  07m10.8s/22m0s  109.00 iters/s

running (07m11.8s), 0258/0274 VUs, 30458 complete and 0 interrupted iterations
black_friday_2026_readiness...   [  33% ] 0258/0274 VUs  07m11.8s/22m0s  109.00 iters/s

running (07m12.8s), 0255/0274 VUs, 30569 complete and 0 interrupted iterations
black_friday_2026_readiness...   [  33% ] 0255/0274 VUs  07m12.8s/22m0s  109.00 iters/s

running (07m13.8s), 0250/0274 VUs, 30684 complete and 0 interrupted iterations
black_friday_2026_readiness...   [  33% ] 0250/0274 VUs  07m13.8s/22m0s  109.00 iters/s

running (07m14.8s), 0258/0274 VUs, 30785 complete and 0 interrupted iterations
black_friday_2026_readiness...   [  33% ] 0258/0274 VUs  07m14.8s/22m0s  109.00 iters/s

running (07m15.8s), 0257/0274 VUs, 30894 complete and 0 interrupted iterations
black_friday_2026_readiness...   [  33% ] 0257/0274 VUs  07m15.8s/22m0s  109.00 iters/s

running (07m16.8s), 0259/0274 VUs, 31002 complete and 0 interrupted iterations
black_friday_2026_readiness...   [  33% ] 0259/0274 VUs  07m16.8s/22m0s  109.00 iters/s

running (07m17.8s), 0262/0274 VUs, 31108 complete and 0 interrupted iterations
black_friday_2026_readiness...   [  33% ] 0262/0274 VUs  07m17.8s/22m0s  109.00 iters/s

running (07m18.8s), 0264/0274 VUs, 31215 complete and 0 interrupted iterations
black_friday_2026_readiness...   [  33% ] 0264/0274 VUs  07m18.8s/22m0s  109.00 iters/s

running (07m19.8s), 0261/0274 VUs, 31327 complete and 0 interrupted iterations
black_friday_2026_readiness...   [  33% ] 0261/0274 VUs  07m19.8s/22m0s  109.00 iters/s

running (07m20.8s), 0260/0274 VUs, 31437 complete and 0 interrupted iterations
black_friday_2026_readiness...   [  33% ] 0260/0274 VUs  07m20.8s/22m0s  109.00 iters/s

running (07m21.8s), 0247/0274 VUs, 31559 complete and 0 interrupted iterations
black_friday_2026_readiness...   [  33% ] 0247/0274 VUs  07m21.8s/22m0s  109.00 iters/s

running (07m22.8s), 0254/0274 VUs, 31660 complete and 0 interrupted iterations
black_friday_2026_readiness...   [  34% ] 0254/0274 VUs  07m22.8s/22m0s  109.00 iters/s

running (07m23.8s), 0252/0274 VUs, 31772 complete and 0 interrupted iterations
black_friday_2026_readiness...   [  34% ] 0252/0274 VUs  07m23.8s/22m0s  109.00 iters/s

running (07m24.8s), 0265/0274 VUs, 31868 complete and 0 interrupted iterations
black_friday_2026_readiness...   [  34% ] 0265/0274 VUs  07m24.8s/22m0s  109.00 iters/s

running (07m25.8s), 0259/0274 VUs, 31983 complete and 0 interrupted iterations
black_friday_2026_readiness...   [  34% ] 0259/0274 VUs  07m25.8s/22m0s  109.00 iters/s

running (07m26.8s), 0259/0274 VUs, 32092 complete and 0 interrupted iterations
black_friday_2026_readiness...   [  34% ] 0259/0274 VUs  07m26.8s/22m0s  109.00 iters/s

running (07m27.8s), 0257/0274 VUs, 32203 complete and 0 interrupted iterations
black_friday_2026_readiness...   [  34% ] 0257/0274 VUs  07m27.8s/22m0s  109.00 iters/s

running (07m28.8s), 0258/0274 VUs, 32311 complete and 0 interrupted iterations
black_friday_2026_readiness...   [  34% ] 0258/0274 VUs  07m28.8s/22m0s  109.00 iters/s

running (07m29.8s), 0260/0274 VUs, 32417 complete and 0 interrupted iterations
black_friday_2026_readiness...   [  34% ] 0260/0274 VUs  07m29.8s/22m0s  109.00 iters/s

running (07m30.8s), 0263/0274 VUs, 32524 complete and 0 interrupted iterations
black_friday_2026_readiness...   [  34% ] 0263/0274 VUs  07m30.8s/22m0s  109.00 iters/s

running (07m31.8s), 0258/0274 VUs, 32638 complete and 0 interrupted iterations
black_friday_2026_readiness...   [  34% ] 0258/0274 VUs  07m31.8s/22m0s  109.00 iters/s

running (07m32.8s), 0259/0274 VUs, 32746 complete and 0 interrupted iterations
black_friday_2026_readiness...   [  34% ] 0259/0274 VUs  07m32.8s/22m0s  109.00 iters/s

running (07m33.8s), 0253/0274 VUs, 32861 complete and 0 interrupted iterations
black_friday_2026_readiness...   [  34% ] 0253/0274 VUs  07m33.8s/22m0s  109.00 iters/s

running (07m34.8s), 0256/0274 VUs, 32967 complete and 0 interrupted iterations
black_friday_2026_readiness...   [  34% ] 0256/0274 VUs  07m34.8s/22m0s  109.00 iters/s

running (07m35.8s), 0251/0274 VUs, 33081 complete and 0 interrupted iterations
black_friday_2026_readiness...   [  35% ] 0251/0274 VUs  07m35.8s/22m0s  109.00 iters/s

running (07m36.8s), 0264/0274 VUs, 33177 complete and 0 interrupted iterations
black_friday_2026_readiness...   [  35% ] 0264/0274 VUs  07m36.8s/22m0s  109.00 iters/s

running (07m37.8s), 0251/0274 VUs, 33298 complete and 0 interrupted iterations
black_friday_2026_readiness...   [  35% ] 0251/0274 VUs  07m37.8s/22m0s  109.00 iters/s

running (07m38.8s), 0252/0274 VUs, 33407 complete and 0 interrupted iterations
black_friday_2026_readiness...   [  35% ] 0252/0274 VUs  07m38.8s/22m0s  109.00 iters/s

running (07m39.8s), 0248/0274 VUs, 33520 complete and 0 interrupted iterations
black_friday_2026_readiness...   [  35% ] 0248/0274 VUs  07m39.8s/22m0s  109.00 iters/s

running (07m40.8s), 0259/0274 VUs, 33618 complete and 0 interrupted iterations
black_friday_2026_readiness...   [  35% ] 0259/0274 VUs  07m40.8s/22m0s  109.00 iters/s

running (07m41.8s), 0273/0275 VUs, 33712 complete and 0 interrupted iterations
black_friday_2026_readiness...   [  35% ] 0273/0275 VUs  07m41.8s/22m0s  109.00 iters/s

running (07m42.8s), 0253/0275 VUs, 33841 complete and 0 interrupted iterations
black_friday_2026_readiness...   [  35% ] 0253/0275 VUs  07m42.8s/22m0s  109.00 iters/s

running (07m43.8s), 0254/0275 VUs, 33949 complete and 0 interrupted iterations
black_friday_2026_readiness...   [  35% ] 0254/0275 VUs  07m43.8s/22m0s  109.00 iters/s

running (07m44.8s), 0255/0275 VUs, 34057 complete and 0 interrupted iterations
black_friday_2026_readiness...   [  35% ] 0255/0275 VUs  07m44.8s/22m0s  109.00 iters/s

running (07m45.8s), 0262/0275 VUs, 34158 complete and 0 interrupted iterations
black_friday_2026_readiness...   [  35% ] 0262/0275 VUs  07m45.8s/22m0s  109.00 iters/s

running (07m46.8s), 0264/0275 VUs, 34266 complete and 0 interrupted iterations
black_friday_2026_readiness...   [  35% ] 0264/0275 VUs  07m46.8s/22m0s  109.00 iters/s

running (07m47.8s), 0261/0275 VUs, 34378 complete and 0 interrupted iterations
black_friday_2026_readiness...   [  35% ] 0261/0275 VUs  07m47.8s/22m0s  109.00 iters/s

running (07m48.8s), 0255/0275 VUs, 34493 complete and 0 interrupted iterations
black_friday_2026_readiness...   [  36% ] 0255/0275 VUs  07m48.8s/22m0s  109.00 iters/s

running (07m49.8s), 0260/0275 VUs, 34596 complete and 0 interrupted iterations
black_friday_2026_readiness...   [  36% ] 0260/0275 VUs  07m49.8s/22m0s  109.00 iters/s

running (07m50.8s), 0260/0275 VUs, 34706 complete and 0 interrupted iterations
black_friday_2026_readiness...   [  36% ] 0260/0275 VUs  07m50.8s/22m0s  109.00 iters/s

running (07m51.8s), 0265/0275 VUs, 34810 complete and 0 interrupted iterations
black_friday_2026_readiness...   [  36% ] 0265/0275 VUs  07m51.8s/22m0s  109.00 iters/s

running (07m52.8s), 0258/0275 VUs, 34926 complete and 0 interrupted iterations
black_friday_2026_readiness...   [  36% ] 0258/0275 VUs  07m52.8s/22m0s  109.00 iters/s

running (07m53.8s), 0261/0275 VUs, 35031 complete and 0 interrupted iterations
black_friday_2026_readiness...   [  36% ] 0261/0275 VUs  07m53.8s/22m0s  109.00 iters/s

running (07m54.8s), 0268/0275 VUs, 35134 complete and 0 interrupted iterations
black_friday_2026_readiness...   [  36% ] 0268/0275 VUs  07m54.8s/22m0s  109.00 iters/s

running (07m55.8s), 0268/0275 VUs, 35243 complete and 0 interrupted iterations
black_friday_2026_readiness...   [  36% ] 0268/0275 VUs  07m55.8s/22m0s  109.00 iters/s

running (07m56.8s), 0257/0275 VUs, 35363 complete and 0 interrupted iterations
black_friday_2026_readiness...   [  36% ] 0257/0275 VUs  07m56.8s/22m0s  109.00 iters/s

running (07m57.8s), 0255/0275 VUs, 35474 complete and 0 interrupted iterations
black_friday_2026_readiness...   [  36% ] 0255/0275 VUs  07m57.8s/22m0s  109.00 iters/s

running (07m58.8s), 0255/0275 VUs, 35582 complete and 0 interrupted iterations
black_friday_2026_readiness...   [  36% ] 0255/0275 VUs  07m58.8s/22m0s  109.00 iters/s

running (07m59.8s), 0266/0275 VUs, 35681 complete and 0 interrupted iterations
black_friday_2026_readiness...   [  36% ] 0266/0275 VUs  07m59.8s/22m0s  109.00 iters/s

running (08m00.8s), 0264/0275 VUs, 35792 complete and 0 interrupted iterations
black_friday_2026_readiness...   [  36% ] 0264/0275 VUs  08m00.8s/22m0s  109.00 iters/s

running (08m01.8s), 0269/0275 VUs, 35896 complete and 0 interrupted iterations
black_friday_2026_readiness...   [  37% ] 0269/0275 VUs  08m01.8s/22m0s  109.00 iters/s

running (08m02.8s), 0271/0276 VUs, 36002 complete and 0 interrupted iterations
black_friday_2026_readiness...   [  37% ] 0271/0276 VUs  08m02.8s/22m0s  109.00 iters/s

running (08m03.8s), 0268/0276 VUs, 36114 complete and 0 interrupted iterations
black_friday_2026_readiness...   [  37% ] 0268/0276 VUs  08m03.8s/22m0s  109.00 iters/s

running (08m04.8s), 0264/0276 VUs, 36227 complete and 0 interrupted iterations
black_friday_2026_readiness...   [  37% ] 0264/0276 VUs  08m04.8s/22m0s  109.00 iters/s

running (08m05.8s), 0254/0276 VUs, 36346 complete and 0 interrupted iterations
black_friday_2026_readiness...   [  37% ] 0254/0276 VUs  08m05.8s/22m0s  109.00 iters/s

running (08m06.8s), 0256/0276 VUs, 36453 complete and 0 interrupted iterations
black_friday_2026_readiness...   [  37% ] 0256/0276 VUs  08m06.8s/22m0s  109.00 iters/s

running (08m07.8s), 0257/0276 VUs, 36561 complete and 0 interrupted iterations
black_friday_2026_readiness...   [  37% ] 0257/0276 VUs  08m07.8s/22m0s  109.00 iters/s

running (08m08.8s), 0259/0276 VUs, 36668 complete and 0 interrupted iterations
black_friday_2026_readiness...   [  37% ] 0259/0276 VUs  08m08.8s/22m0s  109.00 iters/s

running (08m09.8s), 0256/0276 VUs, 36780 complete and 0 interrupted iterations
black_friday_2026_readiness...   [  37% ] 0256/0276 VUs  08m09.8s/22m0s  109.00 iters/s

running (08m10.8s), 0268/0276 VUs, 36877 complete and 0 interrupted iterations
black_friday_2026_readiness...   [  37% ] 0268/0276 VUs  08m10.8s/22m0s  109.00 iters/s

running (08m11.8s), 0257/0276 VUs, 36997 complete and 0 interrupted iterations
black_friday_2026_readiness...   [  37% ] 0257/0276 VUs  08m11.8s/22m0s  109.00 iters/s

running (08m12.8s), 0257/0276 VUs, 37106 complete and 0 interrupted iterations
black_friday_2026_readiness...   [  37% ] 0257/0276 VUs  08m12.8s/22m0s  109.00 iters/s

running (08m13.8s), 0257/0276 VUs, 37214 complete and 0 interrupted iterations
black_friday_2026_readiness...   [  37% ] 0257/0276 VUs  08m13.8s/22m0s  109.00 iters/s

running (08m14.8s), 0249/0276 VUs, 37332 complete and 0 interrupted iterations
black_friday_2026_readiness...   [  37% ] 0249/0276 VUs  08m14.8s/22m0s  109.00 iters/s

running (08m15.8s), 0259/0276 VUs, 37431 complete and 0 interrupted iterations
black_friday_2026_readiness...   [  38% ] 0259/0276 VUs  08m15.8s/22m0s  109.00 iters/s

running (08m16.8s), 0260/0276 VUs, 37538 complete and 0 interrupted iterations
black_friday_2026_readiness...   [  38% ] 0260/0276 VUs  08m16.8s/22m0s  109.00 iters/s

running (08m17.8s), 0264/0276 VUs, 37644 complete and 0 interrupted iterations
black_friday_2026_readiness...   [  38% ] 0264/0276 VUs  08m17.8s/22m0s  109.00 iters/s

running (08m18.8s), 0259/0276 VUs, 37758 complete and 0 interrupted iterations
black_friday_2026_readiness...   [  38% ] 0259/0276 VUs  08m18.8s/22m0s  109.00 iters/s

running (08m19.8s), 0255/0276 VUs, 37870 complete and 0 interrupted iterations
black_friday_2026_readiness...   [  38% ] 0255/0276 VUs  08m19.8s/22m0s  109.00 iters/s

running (08m20.8s), 0257/0276 VUs, 37978 complete and 0 interrupted iterations
black_friday_2026_readiness...   [  38% ] 0257/0276 VUs  08m20.8s/22m0s  109.00 iters/s

running (08m21.8s), 0259/0276 VUs, 38085 complete and 0 interrupted iterations
black_friday_2026_readiness...   [  38% ] 0259/0276 VUs  08m21.8s/22m0s  109.00 iters/s

running (08m22.8s), 0247/0276 VUs, 38206 complete and 0 interrupted iterations
black_friday_2026_readiness...   [  38% ] 0247/0276 VUs  08m22.8s/22m0s  109.00 iters/s

running (08m23.8s), 0261/0276 VUs, 38300 complete and 0 interrupted iterations
black_friday_2026_readiness...   [  38% ] 0261/0276 VUs  08m23.8s/22m0s  109.00 iters/s

running (08m24.8s), 0263/0276 VUs, 38408 complete and 0 interrupted iterations
black_friday_2026_readiness...   [  38% ] 0263/0276 VUs  08m24.8s/22m0s  109.00 iters/s

running (08m25.8s), 0255/0276 VUs, 38525 complete and 0 interrupted iterations
black_friday_2026_readiness...   [  38% ] 0255/0276 VUs  08m25.8s/22m0s  109.00 iters/s

running (08m26.8s), 0263/0276 VUs, 38626 complete and 0 interrupted iterations
black_friday_2026_readiness...   [  38% ] 0263/0276 VUs  08m26.8s/22m0s  109.00 iters/s

running (08m27.8s), 0259/0276 VUs, 38739 complete and 0 interrupted iterations
black_friday_2026_readiness...   [  38% ] 0259/0276 VUs  08m27.8s/22m0s  109.00 iters/s

running (08m28.8s), 0253/0276 VUs, 38853 complete and 0 interrupted iterations
black_friday_2026_readiness...   [  39% ] 0253/0276 VUs  08m28.8s/22m0s  109.00 iters/s

running (08m29.8s), 0265/0276 VUs, 38951 complete and 0 interrupted iterations
black_friday_2026_readiness...   [  39% ] 0265/0276 VUs  08m29.8s/22m0s  109.00 iters/s

running (08m30.8s), 0258/0276 VUs, 39067 complete and 0 interrupted iterations
black_friday_2026_readiness...   [  39% ] 0258/0276 VUs  08m30.8s/22m0s  109.00 iters/s

running (08m31.8s), 0253/0276 VUs, 39181 complete and 0 interrupted iterations
black_friday_2026_readiness...   [  39% ] 0253/0276 VUs  08m31.8s/22m0s  109.00 iters/s

running (08m32.8s), 0256/0276 VUs, 39286 complete and 0 interrupted iterations
black_friday_2026_readiness...   [  39% ] 0256/0276 VUs  08m32.8s/22m0s  109.00 iters/s

running (08m33.8s), 0254/0276 VUs, 39398 complete and 0 interrupted iterations
black_friday_2026_readiness...   [  39% ] 0254/0276 VUs  08m33.8s/22m0s  109.00 iters/s

running (08m34.8s), 0253/0276 VUs, 39508 complete and 0 interrupted iterations
black_friday_2026_readiness...   [  39% ] 0253/0276 VUs  08m34.8s/22m0s  109.00 iters/s

running (08m35.8s), 0253/0276 VUs, 39616 complete and 0 interrupted iterations
black_friday_2026_readiness...   [  39% ] 0253/0276 VUs  08m35.8s/22m0s  109.00 iters/s

running (08m36.8s), 0262/0276 VUs, 39716 complete and 0 interrupted iterations
black_friday_2026_readiness...   [  39% ] 0262/0276 VUs  08m36.8s/22m0s  109.00 iters/s

running (08m37.8s), 0259/0276 VUs, 39829 complete and 0 interrupted iterations
black_friday_2026_readiness...   [  39% ] 0259/0276 VUs  08m37.8s/22m0s  109.00 iters/s

running (08m38.8s), 0258/0276 VUs, 39939 complete and 0 interrupted iterations
black_friday_2026_readiness...   [  39% ] 0258/0276 VUs  08m38.8s/22m0s  109.00 iters/s

running (08m39.8s), 0254/0276 VUs, 40052 complete and 0 interrupted iterations
black_friday_2026_readiness...   [  39% ] 0254/0276 VUs  08m39.8s/22m0s  109.00 iters/s

running (08m40.8s), 0251/0276 VUs, 40163 complete and 0 interrupted iterations
black_friday_2026_readiness...   [  39% ] 0251/0276 VUs  08m40.8s/22m0s  109.00 iters/s

running (08m41.8s), 0255/0276 VUs, 40269 complete and 0 interrupted iterations
black_friday_2026_readiness...   [  40% ] 0255/0276 VUs  08m41.8s/22m0s  109.00 iters/s

running (08m42.8s), 0266/0276 VUs, 40367 complete and 0 interrupted iterations
black_friday_2026_readiness...   [  40% ] 0266/0276 VUs  08m42.8s/22m0s  109.00 iters/s

running (08m43.8s), 0260/0276 VUs, 40482 complete and 0 interrupted iterations
black_friday_2026_readiness...   [  40% ] 0260/0276 VUs  08m43.8s/22m0s  109.00 iters/s

running (08m44.8s), 0255/0276 VUs, 40596 complete and 0 interrupted iterations
black_friday_2026_readiness...   [  40% ] 0255/0276 VUs  08m44.8s/22m0s  109.00 iters/s

running (08m45.8s), 0257/0276 VUs, 40703 complete and 0 interrupted iterations
black_friday_2026_readiness...   [  40% ] 0257/0276 VUs  08m45.8s/22m0s  109.00 iters/s

running (08m46.8s), 0270/0276 VUs, 40799 complete and 0 interrupted iterations
black_friday_2026_readiness...   [  40% ] 0270/0276 VUs  08m46.8s/22m0s  109.00 iters/s

running (08m47.8s), 0266/0276 VUs, 40912 complete and 0 interrupted iterations
black_friday_2026_readiness...   [  40% ] 0266/0276 VUs  08m47.8s/22m0s  109.00 iters/s

running (08m48.8s), 0258/0276 VUs, 41029 complete and 0 interrupted iterations
black_friday_2026_readiness...   [  40% ] 0258/0276 VUs  08m48.8s/22m0s  109.00 iters/s

running (08m49.8s), 0255/0276 VUs, 41141 complete and 0 interrupted iterations
black_friday_2026_readiness...   [  40% ] 0255/0276 VUs  08m49.8s/22m0s  109.00 iters/s

running (08m50.8s), 0259/0276 VUs, 41246 complete and 0 interrupted iterations
black_friday_2026_readiness...   [  40% ] 0259/0276 VUs  08m50.8s/22m0s  109.00 iters/s

running (08m51.8s), 0254/0276 VUs, 41359 complete and 0 interrupted iterations
black_friday_2026_readiness...   [  40% ] 0254/0276 VUs  08m51.8s/22m0s  109.00 iters/s

running (08m52.8s), 0266/0276 VUs, 41457 complete and 0 interrupted iterations
black_friday_2026_readiness...   [  40% ] 0266/0276 VUs  08m52.8s/22m0s  109.00 iters/s

running (08m53.8s), 0265/0276 VUs, 41567 complete and 0 interrupted iterations
black_friday_2026_readiness...   [  40% ] 0265/0276 VUs  08m53.8s/22m0s  109.00 iters/s

running (08m54.8s), 0257/0276 VUs, 41683 complete and 0 interrupted iterations
black_friday_2026_readiness...   [  41% ] 0257/0276 VUs  08m54.8s/22m0s  109.00 iters/s

running (08m55.8s), 0255/0276 VUs, 41795 complete and 0 interrupted iterations
black_friday_2026_readiness...   [  41% ] 0255/0276 VUs  08m55.8s/22m0s  109.00 iters/s

running (08m56.8s), 0265/0276 VUs, 41894 complete and 0 interrupted iterations
black_friday_2026_readiness...   [  41% ] 0265/0276 VUs  08m56.8s/22m0s  109.00 iters/s

running (08m57.8s), 0267/0276 VUs, 42001 complete and 0 interrupted iterations
black_friday_2026_readiness...   [  41% ] 0267/0276 VUs  08m57.8s/22m0s  109.00 iters/s

running (08m58.8s), 0273/0276 VUs, 42104 complete and 0 interrupted iterations
black_friday_2026_readiness...   [  41% ] 0273/0276 VUs  08m58.8s/22m0s  109.00 iters/s

running (08m59.8s), 0258/0276 VUs, 42228 complete and 0 interrupted iterations
black_friday_2026_readiness...   [  41% ] 0258/0276 VUs  08m59.8s/22m0s  109.00 iters/s

running (09m00.8s), 0255/0276 VUs, 42340 complete and 0 interrupted iterations
black_friday_2026_readiness...   [  41% ] 0255/0276 VUs  09m00.8s/22m0s  109.00 iters/s

running (09m01.8s), 0255/0276 VUs, 42449 complete and 0 interrupted iterations
black_friday_2026_readiness...   [  41% ] 0255/0276 VUs  09m01.8s/22m0s  109.00 iters/s

running (09m02.8s), 0254/0276 VUs, 42558 complete and 0 interrupted iterations
black_friday_2026_readiness...   [  41% ] 0254/0276 VUs  09m02.8s/22m0s  109.00 iters/s

running (09m03.8s), 0248/0276 VUs, 42673 complete and 0 interrupted iterations
black_friday_2026_readiness...   [  41% ] 0248/0276 VUs  09m03.8s/22m0s  109.00 iters/s

running (09m04.8s), 0253/0276 VUs, 42778 complete and 0 interrupted iterations
black_friday_2026_readiness...   [  41% ] 0253/0276 VUs  09m04.8s/22m0s  109.00 iters/s

running (09m05.8s), 0251/0276 VUs, 42889 complete and 0 interrupted iterations
black_friday_2026_readiness...   [  41% ] 0251/0276 VUs  09m05.8s/22m0s  109.00 iters/s

running (09m06.8s), 0260/0276 VUs, 42989 complete and 0 interrupted iterations
black_friday_2026_readiness...   [  41% ] 0260/0276 VUs  09m06.8s/22m0s  109.00 iters/s

running (09m07.8s), 0268/0276 VUs, 43089 complete and 0 interrupted iterations
black_friday_2026_readiness...   [  42% ] 0268/0276 VUs  09m07.8s/22m0s  109.00 iters/s

running (09m08.8s), 0264/0276 VUs, 43203 complete and 0 interrupted iterations
black_friday_2026_readiness...   [  42% ] 0264/0276 VUs  09m08.8s/22m0s  109.00 iters/s

running (09m09.8s), 0265/0276 VUs, 43311 complete and 0 interrupted iterations
black_friday_2026_readiness...   [  42% ] 0265/0276 VUs  09m09.8s/22m0s  109.00 iters/s

running (09m10.8s), 0264/0276 VUs, 43421 complete and 0 interrupted iterations
black_friday_2026_readiness...   [  42% ] 0264/0276 VUs  09m10.8s/22m0s  109.00 iters/s

running (09m11.8s), 0266/0276 VUs, 43528 complete and 0 interrupted iterations
black_friday_2026_readiness...   [  42% ] 0266/0276 VUs  09m11.8s/22m0s  109.00 iters/s

running (09m12.8s), 0264/0276 VUs, 43639 complete and 0 interrupted iterations
black_friday_2026_readiness...   [  42% ] 0264/0276 VUs  09m12.8s/22m0s  109.00 iters/s

running (09m13.8s), 0251/0276 VUs, 43760 complete and 0 interrupted iterations
black_friday_2026_readiness...   [  42% ] 0251/0276 VUs  09m13.8s/22m0s  109.00 iters/s

running (09m14.8s), 0258/0276 VUs, 43862 complete and 0 interrupted iterations
black_friday_2026_readiness...   [  42% ] 0258/0276 VUs  09m14.8s/22m0s  109.00 iters/s

running (09m15.8s), 0268/0276 VUs, 43962 complete and 0 interrupted iterations
black_friday_2026_readiness...   [  42% ] 0268/0276 VUs  09m15.8s/22m0s  109.00 iters/s

running (09m16.8s), 0258/0276 VUs, 44081 complete and 0 interrupted iterations
black_friday_2026_readiness...   [  42% ] 0258/0276 VUs  09m16.8s/22m0s  109.00 iters/s

running (09m17.8s), 0257/0276 VUs, 44191 complete and 0 interrupted iterations
black_friday_2026_readiness...   [  42% ] 0257/0276 VUs  09m17.8s/22m0s  109.00 iters/s

running (09m18.8s), 0256/0276 VUs, 44300 complete and 0 interrupted iterations
black_friday_2026_readiness...   [  42% ] 0256/0276 VUs  09m18.8s/22m0s  109.00 iters/s

running (09m19.8s), 0256/0276 VUs, 44410 complete and 0 interrupted iterations
black_friday_2026_readiness...   [  42% ] 0256/0276 VUs  09m19.8s/22m0s  109.00 iters/s

running (09m20.8s), 0262/0276 VUs, 44512 complete and 0 interrupted iterations
black_friday_2026_readiness...   [  42% ] 0262/0276 VUs  09m20.8s/22m0s  109.00 iters/s

running (09m21.8s), 0265/0276 VUs, 44619 complete and 0 interrupted iterations
black_friday_2026_readiness...   [  43% ] 0265/0276 VUs  09m21.8s/22m0s  109.00 iters/s

running (09m22.8s), 0258/0276 VUs, 44734 complete and 0 interrupted iterations
black_friday_2026_readiness...   [  43% ] 0258/0276 VUs  09m22.8s/22m0s  109.00 iters/s

running (09m23.8s), 0262/0276 VUs, 44840 complete and 0 interrupted iterations
black_friday_2026_readiness...   [  43% ] 0262/0276 VUs  09m23.8s/22m0s  109.00 iters/s

running (09m24.8s), 0259/0276 VUs, 44952 complete and 0 interrupted iterations
black_friday_2026_readiness...   [  43% ] 0259/0276 VUs  09m24.8s/22m0s  109.00 iters/s

running (09m25.8s), 0266/0276 VUs, 45054 complete and 0 interrupted iterations
black_friday_2026_readiness...   [  43% ] 0266/0276 VUs  09m25.8s/22m0s  109.00 iters/s

running (09m26.8s), 0251/0276 VUs, 45178 complete and 0 interrupted iterations
black_friday_2026_readiness...   [  43% ] 0251/0276 VUs  09m26.8s/22m0s  109.00 iters/s

running (09m27.8s), 0261/0276 VUs, 45277 complete and 0 interrupted iterations
black_friday_2026_readiness...   [  43% ] 0261/0276 VUs  09m27.8s/22m0s  109.00 iters/s

running (09m28.8s), 0264/0276 VUs, 45383 complete and 0 interrupted iterations
black_friday_2026_readiness...   [  43% ] 0264/0276 VUs  09m28.8s/22m0s  109.00 iters/s

running (09m29.8s), 0264/0276 VUs, 45491 complete and 0 interrupted iterations
black_friday_2026_readiness...   [  43% ] 0264/0276 VUs  09m29.8s/22m0s  109.00 iters/s

running (09m30.8s), 0270/0276 VUs, 45594 complete and 0 interrupted iterations
black_friday_2026_readiness...   [  43% ] 0270/0276 VUs  09m30.8s/22m0s  109.00 iters/s

running (09m31.8s), 0266/0277 VUs, 45707 complete and 0 interrupted iterations
black_friday_2026_readiness...   [  43% ] 0266/0277 VUs  09m31.8s/22m0s  109.00 iters/s

running (09m32.8s), 0259/0277 VUs, 45823 complete and 0 interrupted iterations
black_friday_2026_readiness...   [  43% ] 0259/0277 VUs  09m32.8s/22m0s  109.00 iters/s

running (09m33.8s), 0252/0277 VUs, 45939 complete and 0 interrupted iterations
black_friday_2026_readiness...   [  43% ] 0252/0277 VUs  09m33.8s/22m0s  109.00 iters/s

running (09m34.8s), 0262/0277 VUs, 46038 complete and 0 interrupted iterations
black_friday_2026_readiness...   [  44% ] 0262/0277 VUs  09m34.8s/22m0s  109.00 iters/s

running (09m35.8s), 0255/0277 VUs, 46154 complete and 0 interrupted iterations
black_friday_2026_readiness...   [  44% ] 0255/0277 VUs  09m35.8s/22m0s  109.00 iters/s

running (09m36.8s), 0253/0277 VUs, 46265 complete and 0 interrupted iterations
black_friday_2026_readiness...   [  44% ] 0253/0277 VUs  09m36.8s/22m0s  109.00 iters/s

running (09m37.8s), 0251/0277 VUs, 46376 complete and 0 interrupted iterations
black_friday_2026_readiness...   [  44% ] 0251/0277 VUs  09m37.8s/22m0s  109.00 iters/s

running (09m38.8s), 0249/0277 VUs, 46487 complete and 0 interrupted iterations
black_friday_2026_readiness...   [  44% ] 0249/0277 VUs  09m38.8s/22m0s  109.00 iters/s

running (09m39.8s), 0248/0277 VUs, 46597 complete and 0 interrupted iterations
black_friday_2026_readiness...   [  44% ] 0248/0277 VUs  09m39.8s/22m0s  109.00 iters/s

running (09m40.8s), 0254/0277 VUs, 46700 complete and 0 interrupted iterations
black_friday_2026_readiness...   [  44% ] 0254/0277 VUs  09m40.8s/22m0s  109.00 iters/s

running (09m41.8s), 0256/0277 VUs, 46807 complete and 0 interrupted iterations
black_friday_2026_readiness...   [  44% ] 0256/0277 VUs  09m41.8s/22m0s  109.00 iters/s

running (09m42.8s), 0261/0277 VUs, 46911 complete and 0 interrupted iterations
black_friday_2026_readiness...   [  44% ] 0261/0277 VUs  09m42.8s/22m0s  109.00 iters/s

running (09m43.8s), 0265/0277 VUs, 47016 complete and 0 interrupted iterations
black_friday_2026_readiness...   [  44% ] 0265/0277 VUs  09m43.8s/22m0s  109.00 iters/s

running (09m44.8s), 0254/0277 VUs, 47136 complete and 0 interrupted iterations
black_friday_2026_readiness...   [  44% ] 0254/0277 VUs  09m44.8s/22m0s  109.00 iters/s

running (09m45.8s), 0260/0277 VUs, 47239 complete and 0 interrupted iterations
black_friday_2026_readiness...   [  44% ] 0260/0277 VUs  09m45.8s/22m0s  109.00 iters/s

running (09m46.8s), 0258/0277 VUs, 47350 complete and 0 interrupted iterations
black_friday_2026_readiness...   [  44% ] 0258/0277 VUs  09m46.8s/22m0s  109.00 iters/s

running (09m47.8s), 0259/0277 VUs, 47458 complete and 0 interrupted iterations
black_friday_2026_readiness...   [  45% ] 0259/0277 VUs  09m47.8s/22m0s  109.00 iters/s

running (09m48.8s), 0259/0277 VUs, 47567 complete and 0 interrupted iterations
black_friday_2026_readiness...   [  45% ] 0259/0277 VUs  09m48.8s/22m0s  109.00 iters/s

running (09m49.8s), 0259/0277 VUs, 47676 complete and 0 interrupted iterations
black_friday_2026_readiness...   [  45% ] 0259/0277 VUs  09m49.8s/22m0s  109.00 iters/s

running (09m50.8s), 0252/0277 VUs, 47792 complete and 0 interrupted iterations
black_friday_2026_readiness...   [  45% ] 0252/0277 VUs  09m50.8s/22m0s  109.00 iters/s

running (09m51.8s), 0258/0277 VUs, 47895 complete and 0 interrupted iterations
black_friday_2026_readiness...   [  45% ] 0258/0277 VUs  09m51.8s/22m0s  109.00 iters/s

running (09m52.8s), 0268/0277 VUs, 47994 complete and 0 interrupted iterations
black_friday_2026_readiness...   [  45% ] 0268/0277 VUs  09m52.8s/22m0s  109.00 iters/s

running (09m53.8s), 0252/0277 VUs, 48119 complete and 0 interrupted iterations
black_friday_2026_readiness...   [  45% ] 0252/0277 VUs  09m53.8s/22m0s  109.00 iters/s

running (09m54.8s), 0256/0277 VUs, 48224 complete and 0 interrupted iterations
black_friday_2026_readiness...   [  45% ] 0256/0277 VUs  09m54.8s/22m0s  109.00 iters/s

running (09m55.8s), 0257/0277 VUs, 48331 complete and 0 interrupted iterations
black_friday_2026_readiness...   [  45% ] 0257/0277 VUs  09m55.8s/22m0s  109.00 iters/s

running (09m56.8s), 0261/0277 VUs, 48437 complete and 0 interrupted iterations
black_friday_2026_readiness...   [  45% ] 0261/0277 VUs  09m56.8s/22m0s  109.00 iters/s

running (09m57.8s), 0258/0277 VUs, 48549 complete and 0 interrupted iterations
black_friday_2026_readiness...   [  45% ] 0258/0277 VUs  09m57.8s/22m0s  109.00 iters/s

running (09m58.8s), 0262/0277 VUs, 48654 complete and 0 interrupted iterations
black_friday_2026_readiness...   [  45% ] 0262/0277 VUs  09m58.8s/22m0s  109.00 iters/s

running (09m59.8s), 0274/0277 VUs, 48751 complete and 0 interrupted iterations
black_friday_2026_readiness...   [  45% ] 0274/0277 VUs  09m59.8s/22m0s  109.00 iters/s

running (10m00.8s), 0255/0277 VUs, 48879 complete and 0 interrupted iterations
black_friday_2026_readiness...   [  46% ] 0255/0277 VUs  10m00.8s/22m0s  109.00 iters/s

running (10m01.8s), 0256/0277 VUs, 48987 complete and 0 interrupted iterations
black_friday_2026_readiness...   [  46% ] 0256/0277 VUs  10m01.8s/22m0s  109.00 iters/s

running (10m02.8s), 0260/0277 VUs, 49092 complete and 0 interrupted iterations
black_friday_2026_readiness...   [  46% ] 0260/0277 VUs  10m02.8s/22m0s  109.00 iters/s

running (10m03.8s), 0263/0277 VUs, 49198 complete and 0 interrupted iterations
black_friday_2026_readiness...   [  46% ] 0263/0277 VUs  10m03.8s/22m0s  109.00 iters/s

running (10m04.8s), 0269/0277 VUs, 49301 complete and 0 interrupted iterations
black_friday_2026_readiness...   [  46% ] 0269/0277 VUs  10m04.8s/22m0s  109.00 iters/s

running (10m05.8s), 0258/0277 VUs, 49421 complete and 0 interrupted iterations
black_friday_2026_readiness...   [  46% ] 0258/0277 VUs  10m05.8s/22m0s  109.00 iters/s

running (10m06.8s), 0261/0277 VUs, 49527 complete and 0 interrupted iterations
black_friday_2026_readiness...   [  46% ] 0261/0277 VUs  10m06.8s/22m0s  109.00 iters/s

running (10m07.8s), 0260/0277 VUs, 49637 complete and 0 interrupted iterations
black_friday_2026_readiness...   [  46% ] 0260/0277 VUs  10m07.8s/22m0s  109.00 iters/s

running (10m08.8s), 0251/0277 VUs, 49755 complete and 0 interrupted iterations
black_friday_2026_readiness...   [  46% ] 0251/0277 VUs  10m08.8s/22m0s  109.00 iters/s

running (10m09.8s), 0256/0277 VUs, 49858 complete and 0 interrupted iterations
black_friday_2026_readiness...   [  46% ] 0256/0277 VUs  10m09.8s/22m0s  109.00 iters/s

running (10m10.8s), 0258/0277 VUs, 49966 complete and 0 interrupted iterations
black_friday_2026_readiness...   [  46% ] 0258/0277 VUs  10m10.8s/22m0s  109.00 iters/s

running (10m11.8s), 0256/0277 VUs, 50077 complete and 0 interrupted iterations
black_friday_2026_readiness...   [  46% ] 0256/0277 VUs  10m11.8s/22m0s  109.00 iters/s

running (10m12.8s), 0259/0277 VUs, 50182 complete and 0 interrupted iterations
black_friday_2026_readiness...   [  46% ] 0259/0277 VUs  10m12.8s/22m0s  109.00 iters/s

running (10m13.8s), 0258/0277 VUs, 50293 complete and 0 interrupted iterations
black_friday_2026_readiness...   [  47% ] 0258/0277 VUs  10m13.8s/22m0s  109.00 iters/s

running (10m14.8s), 0263/0277 VUs, 50397 complete and 0 interrupted iterations
black_friday_2026_readiness...   [  47% ] 0263/0277 VUs  10m14.8s/22m0s  109.00 iters/s

running (10m15.8s), 0253/0277 VUs, 50516 complete and 0 interrupted iterations
black_friday_2026_readiness...   [  47% ] 0253/0277 VUs  10m15.8s/22m0s  109.00 iters/s

running (10m16.8s), 0249/0277 VUs, 50629 complete and 0 interrupted iterations
black_friday_2026_readiness...   [  47% ] 0249/0277 VUs  10m16.8s/22m0s  109.00 iters/s

running (10m17.8s), 0253/0277 VUs, 50734 complete and 0 interrupted iterations
black_friday_2026_readiness...   [  47% ] 0253/0277 VUs  10m17.8s/22m0s  109.00 iters/s

running (10m18.8s), 0257/0277 VUs, 50839 complete and 0 interrupted iterations
black_friday_2026_readiness...   [  47% ] 0257/0277 VUs  10m18.8s/22m0s  109.00 iters/s

running (10m19.8s), 0259/0277 VUs, 50946 complete and 0 interrupted iterations
black_friday_2026_readiness...   [  47% ] 0259/0277 VUs  10m19.8s/22m0s  109.00 iters/s

running (10m20.8s), 0260/0277 VUs, 51054 complete and 0 interrupted iterations
black_friday_2026_readiness...   [  47% ] 0260/0277 VUs  10m20.8s/22m0s  109.00 iters/s

running (10m21.8s), 0261/0277 VUs, 51162 complete and 0 interrupted iterations
black_friday_2026_readiness...   [  47% ] 0261/0277 VUs  10m21.8s/22m0s  109.00 iters/s

running (10m22.8s), 0258/0277 VUs, 51274 complete and 0 interrupted iterations
black_friday_2026_readiness...   [  47% ] 0258/0277 VUs  10m22.8s/22m0s  109.00 iters/s

running (10m23.8s), 0253/0277 VUs, 51388 complete and 0 interrupted iterations
black_friday_2026_readiness...   [  47% ] 0253/0277 VUs  10m23.8s/22m0s  109.00 iters/s

running (10m24.8s), 0267/0277 VUs, 51483 complete and 0 interrupted iterations
black_friday_2026_readiness...   [  47% ] 0267/0277 VUs  10m24.8s/22m0s  109.00 iters/s

running (10m25.8s), 0260/0277 VUs, 51599 complete and 0 interrupted iterations
black_friday_2026_readiness...   [  47% ] 0260/0277 VUs  10m25.8s/22m0s  109.00 iters/s

running (10m26.8s), 0261/0277 VUs, 51707 complete and 0 interrupted iterations
black_friday_2026_readiness...   [  47% ] 0261/0277 VUs  10m26.8s/22m0s  109.00 iters/s

running (10m27.8s), 0256/0277 VUs, 51820 complete and 0 interrupted iterations
black_friday_2026_readiness...   [  48% ] 0256/0277 VUs  10m27.8s/22m0s  109.00 iters/s

running (10m28.8s), 0256/0277 VUs, 51930 complete and 0 interrupted iterations
black_friday_2026_readiness...   [  48% ] 0256/0277 VUs  10m28.8s/22m0s  109.00 iters/s

running (10m29.8s), 0255/0277 VUs, 52040 complete and 0 interrupted iterations
black_friday_2026_readiness...   [  48% ] 0255/0277 VUs  10m29.8s/22m0s  109.00 iters/s

running (10m30.8s), 0254/0277 VUs, 52150 complete and 0 interrupted iterations
black_friday_2026_readiness...   [  48% ] 0254/0277 VUs  10m30.8s/22m0s  109.00 iters/s

running (10m31.8s), 0250/0277 VUs, 52262 complete and 0 interrupted iterations
black_friday_2026_readiness...   [  48% ] 0250/0277 VUs  10m31.8s/22m0s  109.00 iters/s

running (10m32.8s), 0257/0277 VUs, 52365 complete and 0 interrupted iterations
black_friday_2026_readiness...   [  48% ] 0257/0277 VUs  10m32.8s/22m0s  109.00 iters/s

running (10m33.8s), 0256/0277 VUs, 52475 complete and 0 interrupted iterations
black_friday_2026_readiness...   [  48% ] 0256/0277 VUs  10m33.8s/22m0s  109.00 iters/s

running (10m34.8s), 0264/0277 VUs, 52576 complete and 0 interrupted iterations
black_friday_2026_readiness...   [  48% ] 0264/0277 VUs  10m34.8s/22m0s  109.00 iters/s

running (10m35.8s), 0267/0277 VUs, 52682 complete and 0 interrupted iterations
black_friday_2026_readiness...   [  48% ] 0267/0277 VUs  10m35.8s/22m0s  109.00 iters/s

running (10m36.8s), 0256/0277 VUs, 52802 complete and 0 interrupted iterations
black_friday_2026_readiness...   [  48% ] 0256/0277 VUs  10m36.8s/22m0s  109.00 iters/s

running (10m37.8s), 0251/0277 VUs, 52916 complete and 0 interrupted iterations
black_friday_2026_readiness...   [  48% ] 0251/0277 VUs  10m37.8s/22m0s  109.00 iters/s

running (10m38.8s), 0266/0277 VUs, 53010 complete and 0 interrupted iterations
black_friday_2026_readiness...   [  48% ] 0266/0277 VUs  10m38.8s/22m0s  109.00 iters/s

running (10m39.8s), 0266/0277 VUs, 53119 complete and 0 interrupted iterations
black_friday_2026_readiness...   [  48% ] 0266/0277 VUs  10m39.8s/22m0s  109.00 iters/s

running (10m40.8s), 0254/0277 VUs, 53239 complete and 0 interrupted iterations
black_friday_2026_readiness...   [  49% ] 0254/0277 VUs  10m40.8s/22m0s  109.00 iters/s

running (10m41.8s), 0262/0277 VUs, 53339 complete and 0 interrupted iterations
black_friday_2026_readiness...   [  49% ] 0262/0277 VUs  10m41.8s/22m0s  109.00 iters/s

running (10m42.8s), 0256/0277 VUs, 53455 complete and 0 interrupted iterations
black_friday_2026_readiness...   [  49% ] 0256/0277 VUs  10m42.8s/22m0s  109.00 iters/s

running (10m43.8s), 0267/0277 VUs, 53554 complete and 0 interrupted iterations
black_friday_2026_readiness...   [  49% ] 0267/0277 VUs  10m43.8s/22m0s  109.00 iters/s

running (10m44.8s), 0258/0277 VUs, 53672 complete and 0 interrupted iterations
black_friday_2026_readiness...   [  49% ] 0258/0277 VUs  10m44.8s/22m0s  109.00 iters/s

running (10m45.8s), 0256/0277 VUs, 53783 complete and 0 interrupted iterations
black_friday_2026_readiness...   [  49% ] 0256/0277 VUs  10m45.8s/22m0s  109.00 iters/s

running (10m46.8s), 0256/0277 VUs, 53892 complete and 0 interrupted iterations
black_friday_2026_readiness...   [  49% ] 0256/0277 VUs  10m46.8s/22m0s  109.00 iters/s

running (10m47.8s), 0256/0277 VUs, 54000 complete and 0 interrupted iterations
black_friday_2026_readiness...   [  49% ] 0256/0277 VUs  10m47.8s/22m0s  109.00 iters/s

running (10m48.8s), 0265/0277 VUs, 54101 complete and 0 interrupted iterations
black_friday_2026_readiness...   [  49% ] 0265/0277 VUs  10m48.8s/22m0s  109.00 iters/s

running (10m49.8s), 0245/0277 VUs, 54230 complete and 0 interrupted iterations
black_friday_2026_readiness...   [  49% ] 0245/0277 VUs  10m49.8s/22m0s  109.00 iters/s

running (10m50.8s), 0253/0277 VUs, 54331 complete and 0 interrupted iterations
black_friday_2026_readiness...   [  49% ] 0253/0277 VUs  10m50.8s/22m0s  109.00 iters/s

running (10m51.8s), 0267/0277 VUs, 54425 complete and 0 interrupted iterations
black_friday_2026_readiness...   [  49% ] 0267/0277 VUs  10m51.8s/22m0s  109.00 iters/s

running (10m52.8s), 0275/0278 VUs, 54526 complete and 0 interrupted iterations
black_friday_2026_readiness...   [  49% ] 0275/0278 VUs  10m52.8s/22m0s  109.00 iters/s

running (10m53.8s), 0261/0278 VUs, 54649 complete and 0 interrupted iterations
black_friday_2026_readiness...   [  50% ] 0261/0278 VUs  10m53.8s/22m0s  109.00 iters/s

running (10m54.8s), 0265/0278 VUs, 54754 complete and 0 interrupted iterations
black_friday_2026_readiness...   [  50% ] 0265/0278 VUs  10m54.8s/22m0s  109.00 iters/s

running (10m55.8s), 0265/0278 VUs, 54863 complete and 0 interrupted iterations
black_friday_2026_readiness...   [  50% ] 0265/0278 VUs  10m55.8s/22m0s  109.00 iters/s

running (10m56.8s), 0258/0278 VUs, 54978 complete and 0 interrupted iterations
black_friday_2026_readiness...   [  50% ] 0258/0278 VUs  10m56.8s/22m0s  109.00 iters/s

running (10m57.8s), 0253/0278 VUs, 55093 complete and 0 interrupted iterations
black_friday_2026_readiness...   [  50% ] 0253/0278 VUs  10m57.8s/22m0s  109.00 iters/s

running (10m58.8s), 0257/0278 VUs, 55198 complete and 0 interrupted iterations
black_friday_2026_readiness...   [  50% ] 0257/0278 VUs  10m58.8s/22m0s  109.00 iters/s

running (10m59.8s), 0258/0278 VUs, 55306 complete and 0 interrupted iterations
black_friday_2026_readiness...   [  50% ] 0258/0278 VUs  10m59.8s/22m0s  109.00 iters/s

running (11m00.8s), 0259/0278 VUs, 55414 complete and 0 interrupted iterations
black_friday_2026_readiness...   [  50% ] 0259/0278 VUs  11m00.8s/22m0s  109.00 iters/s

running (11m01.8s), 0260/0278 VUs, 55521 complete and 0 interrupted iterations
black_friday_2026_readiness...   [  50% ] 0260/0278 VUs  11m01.8s/22m0s  109.00 iters/s

running (11m02.8s), 0258/0278 VUs, 55633 complete and 0 interrupted iterations
black_friday_2026_readiness...   [  50% ] 0258/0278 VUs  11m02.8s/22m0s  109.00 iters/s

running (11m03.8s), 0259/0278 VUs, 55741 complete and 0 interrupted iterations
black_friday_2026_readiness...   [  50% ] 0259/0278 VUs  11m03.8s/22m0s  109.00 iters/s

running (11m04.8s), 0257/0278 VUs, 55852 complete and 0 interrupted iterations
black_friday_2026_readiness...   [  50% ] 0257/0278 VUs  11m04.8s/22m0s  109.00 iters/s

running (11m05.8s), 0260/0278 VUs, 55958 complete and 0 interrupted iterations
black_friday_2026_readiness...   [  50% ] 0260/0278 VUs  11m05.8s/22m0s  109.00 iters/s

running (11m06.8s), 0255/0278 VUs, 56071 complete and 0 interrupted iterations
black_friday_2026_readiness...   [  51% ] 0255/0278 VUs  11m06.8s/22m0s  109.00 iters/s

running (11m07.8s), 0258/0278 VUs, 56178 complete and 0 interrupted iterations
black_friday_2026_readiness...   [  51% ] 0258/0278 VUs  11m07.8s/22m0s  109.00 iters/s

running (11m08.8s), 0255/0278 VUs, 56290 complete and 0 interrupted iterations
black_friday_2026_readiness...   [  51% ] 0255/0278 VUs  11m08.8s/22m0s  109.00 iters/s

running (11m09.8s), 0248/0278 VUs, 56405 complete and 0 interrupted iterations
black_friday_2026_readiness...   [  51% ] 0248/0278 VUs  11m09.8s/22m0s  109.00 iters/s

running (11m10.8s), 0257/0278 VUs, 56506 complete and 0 interrupted iterations
black_friday_2026_readiness...   [  51% ] 0257/0278 VUs  11m10.8s/22m0s  109.00 iters/s

running (11m11.8s), 0263/0278 VUs, 56608 complete and 0 interrupted iterations
black_friday_2026_readiness...   [  51% ] 0263/0278 VUs  11m11.8s/22m0s  109.00 iters/s

running (11m12.8s), 0263/0278 VUs, 56718 complete and 0 interrupted iterations
black_friday_2026_readiness...   [  51% ] 0263/0278 VUs  11m12.8s/22m0s  109.00 iters/s

running (11m13.8s), 0252/0278 VUs, 56837 complete and 0 interrupted iterations
black_friday_2026_readiness...   [  51% ] 0252/0278 VUs  11m13.8s/22m0s  109.00 iters/s

running (11m14.8s), 0265/0278 VUs, 56934 complete and 0 interrupted iterations
black_friday_2026_readiness...   [  51% ] 0265/0278 VUs  11m14.8s/22m0s  109.00 iters/s

running (11m15.8s), 0252/0278 VUs, 57056 complete and 0 interrupted iterations
black_friday_2026_readiness...   [  51% ] 0252/0278 VUs  11m15.8s/22m0s  109.00 iters/s

running (11m16.8s), 0266/0278 VUs, 57151 complete and 0 interrupted iterations
black_friday_2026_readiness...   [  51% ] 0266/0278 VUs  11m16.8s/22m0s  109.00 iters/s

running (11m17.8s), 0253/0278 VUs, 57273 complete and 0 interrupted iterations
black_friday_2026_readiness...   [  51% ] 0253/0278 VUs  11m17.8s/22m0s  109.00 iters/s

running (11m18.8s), 0263/0278 VUs, 57372 complete and 0 interrupted iterations
black_friday_2026_readiness...   [  51% ] 0263/0278 VUs  11m18.8s/22m0s  109.00 iters/s

running (11m19.8s), 0258/0278 VUs, 57486 complete and 0 interrupted iterations
black_friday_2026_readiness...   [  52% ] 0258/0278 VUs  11m19.8s/22m0s  109.00 iters/s

running (11m20.8s), 0257/0278 VUs, 57596 complete and 0 interrupted iterations
black_friday_2026_readiness...   [  52% ] 0257/0278 VUs  11m20.8s/22m0s  109.00 iters/s

running (11m21.8s), 0251/0278 VUs, 57711 complete and 0 interrupted iterations
black_friday_2026_readiness...   [  52% ] 0251/0278 VUs  11m21.8s/22m0s  109.00 iters/s

running (11m22.8s), 0259/0278 VUs, 57812 complete and 0 interrupted iterations
black_friday_2026_readiness...   [  52% ] 0259/0278 VUs  11m22.8s/22m0s  109.00 iters/s

running (11m23.8s), 0260/0278 VUs, 57920 complete and 0 interrupted iterations
black_friday_2026_readiness...   [  52% ] 0260/0278 VUs  11m23.8s/22m0s  109.00 iters/s

running (11m24.8s), 0259/0278 VUs, 58030 complete and 0 interrupted iterations
black_friday_2026_readiness...   [  52% ] 0259/0278 VUs  11m24.8s/22m0s  109.00 iters/s

running (11m25.8s), 0270/0278 VUs, 58128 complete and 0 interrupted iterations
black_friday_2026_readiness...   [  52% ] 0270/0278 VUs  11m25.8s/22m0s  109.00 iters/s

running (11m26.8s), 0253/0278 VUs, 58254 complete and 0 interrupted iterations
black_friday_2026_readiness...   [  52% ] 0253/0278 VUs  11m26.8s/22m0s  109.00 iters/s

running (11m27.8s), 0261/0278 VUs, 58355 complete and 0 interrupted iterations
black_friday_2026_readiness...   [  52% ] 0261/0278 VUs  11m27.8s/22m0s  109.00 iters/s

running (11m28.8s), 0240/0278 VUs, 58485 complete and 0 interrupted iterations
black_friday_2026_readiness...   [  52% ] 0240/0278 VUs  11m28.8s/22m0s  109.00 iters/s

running (11m29.8s), 0253/0278 VUs, 58581 complete and 0 interrupted iterations
black_friday_2026_readiness...   [  52% ] 0253/0278 VUs  11m29.8s/22m0s  109.00 iters/s

running (11m30.8s), 0257/0278 VUs, 58686 complete and 0 interrupted iterations
black_friday_2026_readiness...   [  52% ] 0257/0278 VUs  11m30.8s/22m0s  109.00 iters/s

running (11m31.8s), 0261/0278 VUs, 58791 complete and 0 interrupted iterations
black_friday_2026_readiness...   [  52% ] 0261/0278 VUs  11m31.8s/22m0s  109.00 iters/s

running (11m32.8s), 0249/0278 VUs, 58911 complete and 0 interrupted iterations
black_friday_2026_readiness...   [  52% ] 0249/0278 VUs  11m32.8s/22m0s  109.00 iters/s

running (11m33.8s), 0254/0278 VUs, 59016 complete and 0 interrupted iterations
black_friday_2026_readiness...   [  53% ] 0254/0278 VUs  11m33.8s/22m0s  109.00 iters/s

running (11m34.8s), 0255/0278 VUs, 59124 complete and 0 interrupted iterations
black_friday_2026_readiness...   [  53% ] 0255/0278 VUs  11m34.8s/22m0s  109.00 iters/s

running (11m35.8s), 0255/0278 VUs, 59233 complete and 0 interrupted iterations
black_friday_2026_readiness...   [  53% ] 0255/0278 VUs  11m35.8s/22m0s  109.00 iters/s

running (11m36.8s), 0265/0278 VUs, 59332 complete and 0 interrupted iterations
black_friday_2026_readiness...   [  53% ] 0265/0278 VUs  11m36.8s/22m0s  109.00 iters/s

running (11m37.8s), 0263/0278 VUs, 59443 complete and 0 interrupted iterations
black_friday_2026_readiness...   [  53% ] 0263/0278 VUs  11m37.8s/22m0s  109.00 iters/s

running (11m38.8s), 0250/0278 VUs, 59564 complete and 0 interrupted iterations
black_friday_2026_readiness...   [  53% ] 0250/0278 VUs  11m38.8s/22m0s  109.00 iters/s

running (11m39.8s), 0250/0278 VUs, 59674 complete and 0 interrupted iterations
black_friday_2026_readiness...   [  53% ] 0250/0278 VUs  11m39.8s/22m0s  109.00 iters/s

running (11m40.8s), 0265/0278 VUs, 59768 complete and 0 interrupted iterations
black_friday_2026_readiness...   [  53% ] 0265/0278 VUs  11m40.8s/22m0s  109.00 iters/s

running (11m41.8s), 0258/0278 VUs, 59884 complete and 0 interrupted iterations
black_friday_2026_readiness...   [  53% ] 0258/0278 VUs  11m41.8s/22m0s  109.00 iters/s

running (11m42.8s), 0264/0278 VUs, 59987 complete and 0 interrupted iterations
black_friday_2026_readiness...   [  53% ] 0264/0278 VUs  11m42.8s/22m0s  109.00 iters/s

running (11m43.8s), 0260/0278 VUs, 60100 complete and 0 interrupted iterations
black_friday_2026_readiness...   [  53% ] 0260/0278 VUs  11m43.8s/22m0s  109.00 iters/s

running (11m44.8s), 0257/0278 VUs, 60212 complete and 0 interrupted iterations
black_friday_2026_readiness...   [  53% ] 0257/0278 VUs  11m44.8s/22m0s  109.00 iters/s

running (11m45.8s), 0264/0278 VUs, 60314 complete and 0 interrupted iterations
black_friday_2026_readiness...   [  53% ] 0264/0278 VUs  11m45.8s/22m0s  109.00 iters/s

running (11m46.8s), 0267/0278 VUs, 60420 complete and 0 interrupted iterations
black_friday_2026_readiness...   [  54% ] 0267/0278 VUs  11m46.8s/22m0s  109.00 iters/s

running (11m47.8s), 0260/0278 VUs, 60536 complete and 0 interrupted iterations
black_friday_2026_readiness...   [  54% ] 0260/0278 VUs  11m47.8s/22m0s  109.00 iters/s

running (11m48.8s), 0261/0278 VUs, 60644 complete and 0 interrupted iterations
black_friday_2026_readiness...   [  54% ] 0261/0278 VUs  11m48.8s/22m0s  109.00 iters/s

running (11m49.8s), 0265/0278 VUs, 60749 complete and 0 interrupted iterations
black_friday_2026_readiness...   [  54% ] 0265/0278 VUs  11m49.8s/22m0s  109.00 iters/s

running (11m50.8s), 0259/0278 VUs, 60864 complete and 0 interrupted iterations
black_friday_2026_readiness...   [  54% ] 0259/0278 VUs  11m50.8s/22m0s  109.00 iters/s

running (11m51.8s), 0265/0278 VUs, 60966 complete and 0 interrupted iterations
black_friday_2026_readiness...   [  54% ] 0265/0278 VUs  11m51.8s/22m0s  109.00 iters/s

running (11m52.8s), 0258/0278 VUs, 61083 complete and 0 interrupted iterations
black_friday_2026_readiness...   [  54% ] 0258/0278 VUs  11m52.8s/22m0s  109.00 iters/s

running (11m53.8s), 0254/0278 VUs, 61196 complete and 0 interrupted iterations
black_friday_2026_readiness...   [  54% ] 0254/0278 VUs  11m53.8s/22m0s  109.00 iters/s

running (11m54.8s), 0263/0278 VUs, 61296 complete and 0 interrupted iterations
black_friday_2026_readiness...   [  54% ] 0263/0278 VUs  11m54.8s/22m0s  109.00 iters/s

running (11m55.8s), 0254/0278 VUs, 61414 complete and 0 interrupted iterations
black_friday_2026_readiness...   [  54% ] 0254/0278 VUs  11m55.8s/22m0s  109.00 iters/s

running (11m56.8s), 0254/0278 VUs, 61523 complete and 0 interrupted iterations
black_friday_2026_readiness...   [  54% ] 0254/0278 VUs  11m56.8s/22m0s  109.00 iters/s

running (11m57.8s), 0258/0278 VUs, 61628 complete and 0 interrupted iterations
black_friday_2026_readiness...   [  54% ] 0258/0278 VUs  11m57.8s/22m0s  109.00 iters/s

running (11m58.8s), 0244/0278 VUs, 61751 complete and 0 interrupted iterations
black_friday_2026_readiness...   [  54% ] 0244/0278 VUs  11m58.8s/22m0s  109.00 iters/s

running (11m59.8s), 0251/0278 VUs, 61853 complete and 0 interrupted iterations
black_friday_2026_readiness...   [  55% ] 0251/0278 VUs  11m59.8s/22m0s  109.00 iters/s

running (12m00.8s), 0249/0278 VUs, 61964 complete and 0 interrupted iterations
black_friday_2026_readiness...   [  55% ] 0249/0278 VUs  12m00.8s/22m0s  109.00 iters/s

running (12m01.8s), 0261/0278 VUs, 62060 complete and 0 interrupted iterations
black_friday_2026_readiness...   [  55% ] 0261/0278 VUs  12m01.8s/22m0s  109.00 iters/s

running (12m02.8s), 0271/0278 VUs, 62160 complete and 0 interrupted iterations
black_friday_2026_readiness...   [  55% ] 0271/0278 VUs  12m02.8s/22m0s  109.00 iters/s

running (12m03.8s), 0274/0280 VUs, 62264 complete and 0 interrupted iterations
black_friday_2026_readiness...   [  55% ] 0274/0280 VUs  12m03.8s/22m0s  109.00 iters/s

running (12m04.8s), 0259/0280 VUs, 62388 complete and 0 interrupted iterations
black_friday_2026_readiness...   [  55% ] 0259/0280 VUs  12m04.8s/22m0s  109.00 iters/s

running (12m05.8s), 0251/0280 VUs, 62505 complete and 0 interrupted iterations
black_friday_2026_readiness...   [  55% ] 0251/0280 VUs  12m05.8s/22m0s  109.00 iters/s

running (12m06.8s), 0257/0280 VUs, 62608 complete and 0 interrupted iterations
black_friday_2026_readiness...   [  55% ] 0257/0280 VUs  12m06.8s/22m0s  109.00 iters/s

running (12m07.8s), 0259/0280 VUs, 62715 complete and 0 interrupted iterations
black_friday_2026_readiness...   [  55% ] 0259/0280 VUs  12m07.8s/22m0s  109.00 iters/s

running (12m08.8s), 0264/0280 VUs, 62819 complete and 0 interrupted iterations
black_friday_2026_readiness...   [  55% ] 0264/0280 VUs  12m08.8s/22m0s  109.00 iters/s

running (12m09.8s), 0267/0280 VUs, 62925 complete and 0 interrupted iterations
black_friday_2026_readiness...   [  55% ] 0267/0280 VUs  12m09.8s/22m0s  109.00 iters/s

running (12m10.8s), 0254/0280 VUs, 63047 complete and 0 interrupted iterations
black_friday_2026_readiness...   [  55% ] 0254/0280 VUs  12m10.8s/22m0s  109.00 iters/s

running (12m11.8s), 0251/0280 VUs, 63159 complete and 0 interrupted iterations
black_friday_2026_readiness...   [  55% ] 0251/0280 VUs  12m11.8s/22m0s  109.00 iters/s

running (12m12.8s), 0259/0280 VUs, 63260 complete and 0 interrupted iterations
black_friday_2026_readiness...   [  56% ] 0259/0280 VUs  12m12.8s/22m0s  109.00 iters/s

running (12m13.8s), 0263/0280 VUs, 63365 complete and 0 interrupted iterations
black_friday_2026_readiness...   [  56% ] 0263/0280 VUs  12m13.8s/22m0s  109.00 iters/s

running (12m14.8s), 0260/0280 VUs, 63476 complete and 0 interrupted iterations
black_friday_2026_readiness...   [  56% ] 0260/0280 VUs  12m14.8s/22m0s  109.00 iters/s

running (12m15.8s), 0263/0280 VUs, 63583 complete and 0 interrupted iterations
black_friday_2026_readiness...   [  56% ] 0263/0280 VUs  12m15.8s/22m0s  109.00 iters/s

running (12m16.8s), 0259/0280 VUs, 63695 complete and 0 interrupted iterations
black_friday_2026_readiness...   [  56% ] 0259/0280 VUs  12m16.8s/22m0s  109.00 iters/s

running (12m17.8s), 0260/0280 VUs, 63804 complete and 0 interrupted iterations
black_friday_2026_readiness...   [  56% ] 0260/0280 VUs  12m17.8s/22m0s  109.00 iters/s

running (12m18.8s), 0262/0280 VUs, 63910 complete and 0 interrupted iterations
black_friday_2026_readiness...   [  56% ] 0262/0280 VUs  12m18.8s/22m0s  109.00 iters/s

running (12m19.8s), 0266/0280 VUs, 64016 complete and 0 interrupted iterations
black_friday_2026_readiness...   [  56% ] 0266/0280 VUs  12m19.8s/22m0s  109.00 iters/s

running (12m20.8s), 0257/0280 VUs, 64133 complete and 0 interrupted iterations
black_friday_2026_readiness...   [  56% ] 0258/0280 VUs  12m20.8s/22m0s  109.00 iters/s

running (12m21.8s), 0250/0280 VUs, 64250 complete and 0 interrupted iterations
black_friday_2026_readiness...   [  56% ] 0250/0280 VUs  12m21.8s/22m0s  109.00 iters/s

running (12m22.8s), 0253/0280 VUs, 64356 complete and 0 interrupted iterations
black_friday_2026_readiness...   [  56% ] 0253/0280 VUs  12m22.8s/22m0s  109.00 iters/s

running (12m23.8s), 0248/0280 VUs, 64470 complete and 0 interrupted iterations
black_friday_2026_readiness...   [  56% ] 0248/0280 VUs  12m23.8s/22m0s  109.00 iters/s

running (12m24.8s), 0252/0280 VUs, 64575 complete and 0 interrupted iterations
black_friday_2026_readiness...   [  56% ] 0252/0280 VUs  12m24.8s/22m0s  109.00 iters/s

running (12m25.8s), 0259/0280 VUs, 64677 complete and 0 interrupted iterations
black_friday_2026_readiness...   [  57% ] 0259/0280 VUs  12m25.8s/22m0s  109.00 iters/s

running (12m26.8s), 0257/0280 VUs, 64788 complete and 0 interrupted iterations
black_friday_2026_readiness...   [  57% ] 0257/0280 VUs  12m26.8s/22m0s  109.00 iters/s

running (12m27.8s), 0262/0280 VUs, 64892 complete and 0 interrupted iterations
black_friday_2026_readiness...   [  57% ] 0262/0280 VUs  12m27.8s/22m0s  109.00 iters/s

running (12m28.8s), 0267/0280 VUs, 64996 complete and 0 interrupted iterations
black_friday_2026_readiness...   [  57% ] 0267/0280 VUs  12m28.8s/22m0s  109.00 iters/s

running (12m29.8s), 0253/0280 VUs, 65119 complete and 0 interrupted iterations
black_friday_2026_readiness...   [  57% ] 0253/0280 VUs  12m29.8s/22m0s  109.00 iters/s

running (12m30.8s), 0267/0280 VUs, 65213 complete and 0 interrupted iterations
black_friday_2026_readiness...   [  57% ] 0267/0280 VUs  12m30.8s/22m0s  109.00 iters/s

running (12m31.8s), 0261/0280 VUs, 65328 complete and 0 interrupted iterations
black_friday_2026_readiness...   [  57% ] 0261/0280 VUs  12m31.8s/22m0s  109.00 iters/s

running (12m32.8s), 0247/0280 VUs, 65452 complete and 0 interrupted iterations
black_friday_2026_readiness...   [  57% ] 0247/0280 VUs  12m32.8s/22m0s  109.00 iters/s

running (12m33.8s), 0258/0280 VUs, 65550 complete and 0 interrupted iterations
black_friday_2026_readiness...   [  57% ] 0258/0280 VUs  12m33.8s/22m0s  109.00 iters/s

running (12m34.8s), 0246/0280 VUs, 65670 complete and 0 interrupted iterations
black_friday_2026_readiness...   [  57% ] 0246/0280 VUs  12m34.8s/22m0s  109.00 iters/s

running (12m35.8s), 0264/0280 VUs, 65762 complete and 0 interrupted iterations
black_friday_2026_readiness...   [  57% ] 0264/0280 VUs  12m35.8s/22m0s  109.00 iters/s

running (12m36.8s), 0260/0280 VUs, 65875 complete and 0 interrupted iterations
black_friday_2026_readiness...   [  57% ] 0260/0280 VUs  12m36.8s/22m0s  109.00 iters/s

running (12m37.8s), 0259/0280 VUs, 65985 complete and 0 interrupted iterations
black_friday_2026_readiness...   [  57% ] 0259/0280 VUs  12m37.8s/22m0s  109.00 iters/s

running (12m38.8s), 0262/0280 VUs, 66091 complete and 0 interrupted iterations
black_friday_2026_readiness...   [  57% ] 0262/0280 VUs  12m38.8s/22m0s  109.00 iters/s

running (12m39.8s), 0261/0280 VUs, 66201 complete and 0 interrupted iterations
black_friday_2026_readiness...   [  58% ] 0261/0280 VUs  12m39.8s/22m0s  109.00 iters/s

running (12m40.8s), 0255/0280 VUs, 66316 complete and 0 interrupted iterations
black_friday_2026_readiness...   [  58% ] 0255/0280 VUs  12m40.8s/22m0s  109.00 iters/s

running (12m41.8s), 0258/0280 VUs, 66422 complete and 0 interrupted iterations
black_friday_2026_readiness...   [  58% ] 0258/0280 VUs  12m41.8s/22m0s  109.00 iters/s

running (12m42.8s), 0246/0280 VUs, 66542 complete and 0 interrupted iterations
black_friday_2026_readiness...   [  58% ] 0246/0280 VUs  12m42.8s/22m0s  109.00 iters/s

running (12m43.8s), 0256/0280 VUs, 66642 complete and 0 interrupted iterations
black_friday_2026_readiness...   [  58% ] 0256/0280 VUs  12m43.8s/22m0s  109.00 iters/s

running (12m44.8s), 0259/0280 VUs, 66748 complete and 0 interrupted iterations
black_friday_2026_readiness...   [  58% ] 0259/0280 VUs  12m44.8s/22m0s  109.00 iters/s

running (12m45.8s), 0257/0280 VUs, 66859 complete and 0 interrupted iterations
black_friday_2026_readiness...   [  58% ] 0257/0280 VUs  12m45.8s/22m0s  109.00 iters/s

running (12m46.8s), 0251/0280 VUs, 66974 complete and 0 interrupted iterations
black_friday_2026_readiness...   [  58% ] 0251/0280 VUs  12m46.8s/22m0s  109.00 iters/s

running (12m47.8s), 0250/0280 VUs, 67083 complete and 0 interrupted iterations
black_friday_2026_readiness...   [  58% ] 0250/0280 VUs  12m47.8s/22m0s  109.00 iters/s

running (12m48.8s), 0260/0280 VUs, 67183 complete and 0 interrupted iterations
black_friday_2026_readiness...   [  58% ] 0260/0280 VUs  12m48.8s/22m0s  109.00 iters/s

running (12m49.8s), 0249/0280 VUs, 67303 complete and 0 interrupted iterations
black_friday_2026_readiness...   [  58% ] 0249/0280 VUs  12m49.8s/22m0s  109.00 iters/s

running (12m50.8s), 0248/0280 VUs, 67413 complete and 0 interrupted iterations
black_friday_2026_readiness...   [  58% ] 0248/0280 VUs  12m50.8s/22m0s  109.00 iters/s

running (12m51.8s), 0258/0280 VUs, 67512 complete and 0 interrupted iterations
black_friday_2026_readiness...   [  58% ] 0258/0280 VUs  12m51.8s/22m0s  109.00 iters/s

running (12m52.8s), 0258/0280 VUs, 67621 complete and 0 interrupted iterations
black_friday_2026_readiness...   [  59% ] 0258/0280 VUs  12m52.8s/22m0s  109.00 iters/s

running (12m53.8s), 0259/0280 VUs, 67729 complete and 0 interrupted iterations
black_friday_2026_readiness...   [  59% ] 0259/0280 VUs  12m53.8s/22m0s  109.00 iters/s

running (12m54.8s), 0254/0280 VUs, 67843 complete and 0 interrupted iterations
black_friday_2026_readiness...   [  59% ] 0254/0280 VUs  12m54.8s/22m0s  109.00 iters/s

running (12m55.8s), 0260/0280 VUs, 67946 complete and 0 interrupted iterations
black_friday_2026_readiness...   [  59% ] 0260/0280 VUs  12m55.8s/22m0s  109.00 iters/s

running (12m56.8s), 0268/0280 VUs, 68047 complete and 0 interrupted iterations
black_friday_2026_readiness...   [  59% ] 0268/0280 VUs  12m56.8s/22m0s  109.00 iters/s

running (12m57.8s), 0263/0280 VUs, 68161 complete and 0 interrupted iterations
black_friday_2026_readiness...   [  59% ] 0263/0280 VUs  12m57.8s/22m0s  109.00 iters/s

running (12m58.8s), 0252/0280 VUs, 68281 complete and 0 interrupted iterations
black_friday_2026_readiness...   [  59% ] 0252/0280 VUs  12m58.8s/22m0s  109.00 iters/s

running (12m59.8s), 0254/0280 VUs, 68388 complete and 0 interrupted iterations
black_friday_2026_readiness...   [  59% ] 0254/0280 VUs  12m59.8s/22m0s  109.00 iters/s

running (13m00.8s), 0250/0280 VUs, 68501 complete and 0 interrupted iterations
black_friday_2026_readiness...   [  59% ] 0250/0280 VUs  13m00.8s/22m0s  109.00 iters/s

running (13m01.8s), 0261/0280 VUs, 68599 complete and 0 interrupted iterations
black_friday_2026_readiness...   [  59% ] 0261/0280 VUs  13m01.8s/22m0s  109.00 iters/s

running (13m02.8s), 0251/0280 VUs, 68718 complete and 0 interrupted iterations
black_friday_2026_readiness...   [  59% ] 0251/0280 VUs  13m02.8s/22m0s  109.00 iters/s

running (13m03.8s), 0257/0280 VUs, 68821 complete and 0 interrupted iterations
black_friday_2026_readiness...   [  59% ] 0257/0280 VUs  13m03.8s/22m0s  109.00 iters/s

running (13m04.8s), 0259/0280 VUs, 68928 complete and 0 interrupted iterations
black_friday_2026_readiness...   [  59% ] 0259/0280 VUs  13m04.8s/22m0s  109.00 iters/s

running (13m05.8s), 0259/0280 VUs, 69037 complete and 0 interrupted iterations
black_friday_2026_readiness...   [  60% ] 0259/0280 VUs  13m05.8s/22m0s  109.00 iters/s

running (13m06.8s), 0258/0280 VUs, 69146 complete and 0 interrupted iterations
black_friday_2026_readiness...   [  60% ] 0258/0280 VUs  13m06.8s/22m0s  109.00 iters/s

running (13m07.8s), 0261/0280 VUs, 69253 complete and 0 interrupted iterations
black_friday_2026_readiness...   [  60% ] 0261/0280 VUs  13m07.8s/22m0s  109.00 iters/s

running (13m08.8s), 0258/0280 VUs, 69365 complete and 0 interrupted iterations
black_friday_2026_readiness...   [  60% ] 0258/0280 VUs  13m08.8s/22m0s  109.00 iters/s

running (13m09.8s), 0255/0280 VUs, 69477 complete and 0 interrupted iterations
black_friday_2026_readiness...   [  60% ] 0255/0280 VUs  13m09.8s/22m0s  109.00 iters/s

running (13m10.8s), 0246/0280 VUs, 69595 complete and 0 interrupted iterations
black_friday_2026_readiness...   [  60% ] 0246/0280 VUs  13m10.8s/22m0s  109.00 iters/s

running (13m11.8s), 0254/0280 VUs, 69696 complete and 0 interrupted iterations
black_friday_2026_readiness...   [  60% ] 0254/0280 VUs  13m11.8s/22m0s  109.00 iters/s

running (13m12.8s), 0260/0280 VUs, 69799 complete and 0 interrupted iterations
black_friday_2026_readiness...   [  60% ] 0260/0280 VUs  13m12.8s/22m0s  109.00 iters/s

running (13m13.8s), 0256/0280 VUs, 69912 complete and 0 interrupted iterations
black_friday_2026_readiness...   [  60% ] 0256/0280 VUs  13m13.8s/22m0s  109.00 iters/s

running (13m14.8s), 0261/0280 VUs, 70016 complete and 0 interrupted iterations
black_friday_2026_readiness...   [  60% ] 0261/0280 VUs  13m14.8s/22m0s  109.00 iters/s

running (13m15.8s), 0262/0280 VUs, 70124 complete and 0 interrupted iterations
black_friday_2026_readiness...   [  60% ] 0262/0280 VUs  13m15.8s/22m0s  109.00 iters/s

running (13m16.8s), 0261/0280 VUs, 70234 complete and 0 interrupted iterations
black_friday_2026_readiness...   [  60% ] 0261/0280 VUs  13m16.8s/22m0s  109.00 iters/s

running (13m17.8s), 0257/0280 VUs, 70347 complete and 0 interrupted iterations
black_friday_2026_readiness...   [  60% ] 0257/0280 VUs  13m17.8s/22m0s  109.00 iters/s

running (13m18.8s), 0253/0280 VUs, 70461 complete and 0 interrupted iterations
black_friday_2026_readiness...   [  61% ] 0253/0280 VUs  13m18.8s/22m0s  109.00 iters/s

running (13m19.8s), 0257/0280 VUs, 70564 complete and 0 interrupted iterations
black_friday_2026_readiness...   [  61% ] 0257/0280 VUs  13m19.8s/22m0s  109.00 iters/s

running (13m20.8s), 0258/0280 VUs, 70673 complete and 0 interrupted iterations
black_friday_2026_readiness...   [  61% ] 0258/0280 VUs  13m20.8s/22m0s  109.00 iters/s

running (13m21.8s), 0255/0280 VUs, 70785 complete and 0 interrupted iterations
black_friday_2026_readiness...   [  61% ] 0255/0280 VUs  13m21.8s/22m0s  109.00 iters/s

running (13m22.8s), 0266/0280 VUs, 70883 complete and 0 interrupted iterations
black_friday_2026_readiness...   [  61% ] 0266/0280 VUs  13m22.8s/22m0s  109.00 iters/s

running (13m23.8s), 0260/0280 VUs, 70998 complete and 0 interrupted iterations
black_friday_2026_readiness...   [  61% ] 0260/0280 VUs  13m23.8s/22m0s  109.00 iters/s

running (13m24.8s), 0258/0280 VUs, 71109 complete and 0 interrupted iterations
black_friday_2026_readiness...   [  61% ] 0258/0280 VUs  13m24.8s/22m0s  109.00 iters/s

running (13m25.8s), 0261/0280 VUs, 71215 complete and 0 interrupted iterations
black_friday_2026_readiness...   [  61% ] 0261/0280 VUs  13m25.8s/22m0s  109.00 iters/s

running (13m26.8s), 0252/0280 VUs, 71333 complete and 0 interrupted iterations
black_friday_2026_readiness...   [  61% ] 0252/0280 VUs  13m26.8s/22m0s  109.00 iters/s

running (13m27.8s), 0254/0280 VUs, 71440 complete and 0 interrupted iterations
black_friday_2026_readiness...   [  61% ] 0254/0280 VUs  13m27.8s/22m0s  109.00 iters/s

running (13m28.8s), 0254/0280 VUs, 71549 complete and 0 interrupted iterations
black_friday_2026_readiness...   [  61% ] 0254/0280 VUs  13m28.8s/22m0s  109.00 iters/s

running (13m29.8s), 0260/0280 VUs, 71652 complete and 0 interrupted iterations
black_friday_2026_readiness...   [  61% ] 0260/0280 VUs  13m29.8s/22m0s  109.00 iters/s

running (13m30.8s), 0253/0280 VUs, 71768 complete and 0 interrupted iterations
black_friday_2026_readiness...   [  61% ] 0253/0280 VUs  13m30.8s/22m0s  109.00 iters/s

running (13m31.8s), 0258/0280 VUs, 71871 complete and 0 interrupted iterations
black_friday_2026_readiness...   [  62% ] 0258/0280 VUs  13m31.8s/22m0s  109.00 iters/s

running (13m32.8s), 0273/0280 VUs, 71966 complete and 0 interrupted iterations
black_friday_2026_readiness...   [  62% ] 0273/0280 VUs  13m32.8s/22m0s  109.00 iters/s

running (13m33.8s), 0265/0280 VUs, 72083 complete and 0 interrupted iterations
black_friday_2026_readiness...   [  62% ] 0265/0280 VUs  13m33.8s/22m0s  109.00 iters/s

running (13m34.8s), 0258/0280 VUs, 72199 complete and 0 interrupted iterations
black_friday_2026_readiness...   [  62% ] 0258/0280 VUs  13m34.8s/22m0s  109.00 iters/s

running (13m35.8s), 0257/0280 VUs, 72309 complete and 0 interrupted iterations
black_friday_2026_readiness...   [  62% ] 0257/0280 VUs  13m35.8s/22m0s  109.00 iters/s

running (13m36.8s), 0253/0280 VUs, 72421 complete and 0 interrupted iterations
black_friday_2026_readiness...   [  62% ] 0253/0280 VUs  13m36.8s/22m0s  109.00 iters/s

running (13m37.8s), 0257/0280 VUs, 72527 complete and 0 interrupted iterations
black_friday_2026_readiness...   [  62% ] 0257/0280 VUs  13m37.8s/22m0s  109.00 iters/s

running (13m38.8s), 0255/0280 VUs, 72637 complete and 0 interrupted iterations
black_friday_2026_readiness...   [  62% ] 0255/0280 VUs  13m38.8s/22m0s  109.00 iters/s

running (13m39.8s), 0271/0280 VUs, 72731 complete and 0 interrupted iterations
black_friday_2026_readiness...   [  62% ] 0271/0280 VUs  13m39.8s/22m0s  109.00 iters/s

running (13m40.8s), 0256/0280 VUs, 72855 complete and 0 interrupted iterations
black_friday_2026_readiness...   [  62% ] 0256/0280 VUs  13m40.8s/22m0s  109.00 iters/s

running (13m41.8s), 0258/0280 VUs, 72962 complete and 0 interrupted iterations
black_friday_2026_readiness...   [  62% ] 0258/0280 VUs  13m41.8s/22m0s  109.00 iters/s

running (13m42.8s), 0255/0280 VUs, 73074 complete and 0 interrupted iterations
black_friday_2026_readiness...   [  62% ] 0255/0280 VUs  13m42.8s/22m0s  109.00 iters/s

running (13m43.8s), 0251/0280 VUs, 73187 complete and 0 interrupted iterations
black_friday_2026_readiness...   [  62% ] 0251/0280 VUs  13m43.8s/22m0s  109.00 iters/s

running (13m44.8s), 0250/0280 VUs, 73297 complete and 0 interrupted iterations
black_friday_2026_readiness...   [  62% ] 0250/0280 VUs  13m44.8s/22m0s  109.00 iters/s

running (13m45.8s), 0259/0280 VUs, 73397 complete and 0 interrupted iterations
black_friday_2026_readiness...   [  63% ] 0259/0280 VUs  13m45.8s/22m0s  109.00 iters/s

running (13m46.8s), 0252/0280 VUs, 73513 complete and 0 interrupted iterations
black_friday_2026_readiness...   [  63% ] 0252/0280 VUs  13m46.8s/22m0s  109.00 iters/s

running (13m47.8s), 0258/0280 VUs, 73616 complete and 0 interrupted iterations
black_friday_2026_readiness...   [  63% ] 0258/0280 VUs  13m47.8s/22m0s  109.00 iters/s

running (13m48.8s), 0255/0280 VUs, 73728 complete and 0 interrupted iterations
black_friday_2026_readiness...   [  63% ] 0255/0280 VUs  13m48.8s/22m0s  109.00 iters/s

running (13m49.8s), 0262/0280 VUs, 73830 complete and 0 interrupted iterations
black_friday_2026_readiness...   [  63% ] 0262/0280 VUs  13m49.8s/22m0s  109.00 iters/s

running (13m50.8s), 0259/0280 VUs, 73942 complete and 0 interrupted iterations
black_friday_2026_readiness...   [  63% ] 0259/0280 VUs  13m50.8s/22m0s  109.00 iters/s

running (13m51.8s), 0261/0280 VUs, 74049 complete and 0 interrupted iterations
black_friday_2026_readiness...   [  63% ] 0261/0280 VUs  13m51.8s/22m0s  109.00 iters/s

running (13m52.8s), 0271/0280 VUs, 74148 complete and 0 interrupted iterations
black_friday_2026_readiness...   [  63% ] 0271/0280 VUs  13m52.8s/22m0s  109.00 iters/s

running (13m53.8s), 0260/0280 VUs, 74268 complete and 0 interrupted iterations
black_friday_2026_readiness...   [  63% ] 0260/0280 VUs  13m53.8s/22m0s  109.00 iters/s

running (13m54.8s), 0253/0280 VUs, 74383 complete and 0 interrupted iterations
black_friday_2026_readiness...   [  63% ] 0253/0280 VUs  13m54.8s/22m0s  109.00 iters/s

running (13m55.8s), 0259/0280 VUs, 74487 complete and 0 interrupted iterations
black_friday_2026_readiness...   [  63% ] 0259/0280 VUs  13m55.8s/22m0s  109.00 iters/s

running (13m56.8s), 0257/0280 VUs, 74598 complete and 0 interrupted iterations
black_friday_2026_readiness...   [  63% ] 0257/0280 VUs  13m56.8s/22m0s  109.00 iters/s

running (13m57.8s), 0258/0280 VUs, 74706 complete and 0 interrupted iterations
black_friday_2026_readiness...   [  63% ] 0258/0280 VUs  13m57.8s/22m0s  109.00 iters/s

running (13m58.8s), 0258/0280 VUs, 74815 complete and 0 interrupted iterations
black_friday_2026_readiness...   [  64% ] 0258/0280 VUs  13m58.8s/22m0s  109.00 iters/s

running (13m59.8s), 0257/0280 VUs, 74925 complete and 0 interrupted iterations
black_friday_2026_readiness...   [  64% ] 0257/0280 VUs  13m59.8s/22m0s  109.00 iters/s

running (14m00.8s), 0263/0280 VUs, 75028 complete and 0 interrupted iterations
black_friday_2026_readiness...   [  64% ] 0263/0280 VUs  14m00.8s/22m0s  109.00 iters/s

running (14m01.8s), 0267/0280 VUs, 75133 complete and 0 interrupted iterations
black_friday_2026_readiness...   [  64% ] 0267/0280 VUs  14m01.8s/22m0s  109.00 iters/s

running (14m02.8s), 0262/0280 VUs, 75247 complete and 0 interrupted iterations
black_friday_2026_readiness...   [  64% ] 0262/0280 VUs  14m02.8s/22m0s  109.00 iters/s

running (14m03.8s), 0251/0280 VUs, 75367 complete and 0 interrupted iterations
black_friday_2026_readiness...   [  64% ] 0251/0280 VUs  14m03.8s/22m0s  109.00 iters/s

running (14m04.8s), 0257/0280 VUs, 75470 complete and 0 interrupted iterations
black_friday_2026_readiness...   [  64% ] 0257/0280 VUs  14m04.8s/22m0s  109.00 iters/s

running (14m05.8s), 0260/0280 VUs, 75575 complete and 0 interrupted iterations
black_friday_2026_readiness...   [  64% ] 0260/0280 VUs  14m05.8s/22m0s  109.00 iters/s

running (14m06.8s), 0252/0280 VUs, 75693 complete and 0 interrupted iterations
black_friday_2026_readiness...   [  64% ] 0252/0280 VUs  14m06.8s/22m0s  109.00 iters/s

running (14m07.8s), 0257/0280 VUs, 75797 complete and 0 interrupted iterations
black_friday_2026_readiness...   [  64% ] 0257/0280 VUs  14m07.8s/22m0s  109.00 iters/s

running (14m08.8s), 0256/0280 VUs, 75907 complete and 0 interrupted iterations
black_friday_2026_readiness...   [  64% ] 0256/0280 VUs  14m08.8s/22m0s  109.00 iters/s

running (14m09.8s), 0250/0280 VUs, 76022 complete and 0 interrupted iterations
black_friday_2026_readiness...   [  64% ] 0250/0280 VUs  14m09.8s/22m0s  109.00 iters/s

running (14m10.8s), 0249/0280 VUs, 76132 complete and 0 interrupted iterations
black_friday_2026_readiness...   [  64% ] 0249/0280 VUs  14m10.8s/22m0s  109.00 iters/s

running (14m11.8s), 0257/0280 VUs, 76233 complete and 0 interrupted iterations
black_friday_2026_readiness...   [  65% ] 0257/0280 VUs  14m11.8s/22m0s  109.00 iters/s

running (14m12.8s), 0256/0280 VUs, 76343 complete and 0 interrupted iterations
black_friday_2026_readiness...   [  65% ] 0256/0280 VUs  14m12.8s/22m0s  109.00 iters/s

running (14m13.8s), 0266/0280 VUs, 76442 complete and 0 interrupted iterations
black_friday_2026_readiness...   [  65% ] 0266/0280 VUs  14m13.8s/22m0s  109.00 iters/s

running (14m14.8s), 0261/0280 VUs, 76556 complete and 0 interrupted iterations
black_friday_2026_readiness...   [  65% ] 0261/0280 VUs  14m14.8s/22m0s  109.00 iters/s

running (14m15.8s), 0254/0280 VUs, 76671 complete and 0 interrupted iterations
black_friday_2026_readiness...   [  65% ] 0254/0280 VUs  14m15.8s/22m0s  109.00 iters/s

running (14m16.8s), 0258/0280 VUs, 76777 complete and 0 interrupted iterations
black_friday_2026_readiness...   [  65% ] 0258/0280 VUs  14m16.8s/22m0s  109.00 iters/s

running (14m17.8s), 0260/0280 VUs, 76884 complete and 0 interrupted iterations
black_friday_2026_readiness...   [  65% ] 0260/0280 VUs  14m17.8s/22m0s  109.00 iters/s

running (14m18.8s), 0261/0280 VUs, 76991 complete and 0 interrupted iterations
black_friday_2026_readiness...   [  65% ] 0262/0280 VUs  14m18.8s/22m0s  109.00 iters/s

running (14m19.8s), 0254/0280 VUs, 77108 complete and 0 interrupted iterations
black_friday_2026_readiness...   [  65% ] 0254/0280 VUs  14m19.8s/22m0s  109.00 iters/s

running (14m20.8s), 0257/0280 VUs, 77214 complete and 0 interrupted iterations
black_friday_2026_readiness...   [  65% ] 0257/0280 VUs  14m20.8s/22m0s  109.00 iters/s

running (14m21.8s), 0263/0280 VUs, 77317 complete and 0 interrupted iterations
black_friday_2026_readiness...   [  65% ] 0263/0280 VUs  14m21.8s/22m0s  109.00 iters/s

running (14m22.8s), 0259/0280 VUs, 77430 complete and 0 interrupted iterations
black_friday_2026_readiness...   [  65% ] 0259/0280 VUs  14m22.8s/22m0s  109.00 iters/s

running (14m23.8s), 0257/0280 VUs, 77541 complete and 0 interrupted iterations
black_friday_2026_readiness...   [  65% ] 0257/0280 VUs  14m23.8s/22m0s  109.00 iters/s

running (14m24.8s), 0261/0280 VUs, 77646 complete and 0 interrupted iterations
black_friday_2026_readiness...   [  66% ] 0261/0280 VUs  14m24.8s/22m0s  109.00 iters/s

running (14m25.8s), 0250/0280 VUs, 77766 complete and 0 interrupted iterations
black_friday_2026_readiness...   [  66% ] 0250/0280 VUs  14m25.8s/22m0s  109.00 iters/s

running (14m26.8s), 0276/0280 VUs, 77849 complete and 0 interrupted iterations
black_friday_2026_readiness...   [  66% ] 0276/0280 VUs  14m26.8s/22m0s  109.00 iters/s

running (14m27.8s), 0266/0280 VUs, 77968 complete and 0 interrupted iterations
black_friday_2026_readiness...   [  66% ] 0266/0280 VUs  14m27.8s/22m0s  109.00 iters/s

running (14m28.8s), 0252/0280 VUs, 78091 complete and 0 interrupted iterations
black_friday_2026_readiness...   [  66% ] 0252/0280 VUs  14m28.8s/22m0s  109.00 iters/s

running (14m29.8s), 0255/0280 VUs, 78197 complete and 0 interrupted iterations
black_friday_2026_readiness...   [  66% ] 0255/0280 VUs  14m29.8s/22m0s  109.00 iters/s

running (14m30.8s), 0256/0280 VUs, 78305 complete and 0 interrupted iterations
black_friday_2026_readiness...   [  66% ] 0256/0280 VUs  14m30.8s/22m0s  109.00 iters/s

running (14m31.8s), 0254/0280 VUs, 78416 complete and 0 interrupted iterations
black_friday_2026_readiness...   [  66% ] 0254/0280 VUs  14m31.8s/22m0s  109.00 iters/s

running (14m32.8s), 0263/0280 VUs, 78516 complete and 0 interrupted iterations
black_friday_2026_readiness...   [  66% ] 0263/0280 VUs  14m32.8s/22m0s  109.00 iters/s

running (14m33.8s), 0273/0280 VUs, 78615 complete and 0 interrupted iterations
black_friday_2026_readiness...   [  66% ] 0273/0280 VUs  14m33.8s/22m0s  109.00 iters/s

running (14m34.8s), 0267/0280 VUs, 78730 complete and 0 interrupted iterations
black_friday_2026_readiness...   [  66% ] 0267/0280 VUs  14m34.8s/22m0s  109.00 iters/s

running (14m35.8s), 0255/0280 VUs, 78851 complete and 0 interrupted iterations
black_friday_2026_readiness...   [  66% ] 0255/0280 VUs  14m35.8s/22m0s  109.00 iters/s

running (14m36.8s), 0254/0280 VUs, 78960 complete and 0 interrupted iterations
black_friday_2026_readiness...   [  66% ] 0254/0280 VUs  14m36.8s/22m0s  109.00 iters/s

running (14m37.8s), 0250/0280 VUs, 79074 complete and 0 interrupted iterations
black_friday_2026_readiness...   [  67% ] 0250/0280 VUs  14m37.8s/22m0s  109.00 iters/s

running (14m38.8s), 0258/0280 VUs, 79175 complete and 0 interrupted iterations
black_friday_2026_readiness...   [  67% ] 0258/0280 VUs  14m38.8s/22m0s  109.00 iters/s

running (14m39.8s), 0255/0280 VUs, 79287 complete and 0 interrupted iterations
black_friday_2026_readiness...   [  67% ] 0255/0280 VUs  14m39.8s/22m0s  109.00 iters/s

running (14m40.8s), 0265/0280 VUs, 79386 complete and 0 interrupted iterations
black_friday_2026_readiness...   [  67% ] 0265/0280 VUs  14m40.8s/22m0s  109.00 iters/s

running (14m41.8s), 0260/0280 VUs, 79500 complete and 0 interrupted iterations
black_friday_2026_readiness...   [  67% ] 0260/0280 VUs  14m41.8s/22m0s  109.00 iters/s

running (14m42.8s), 0253/0280 VUs, 79616 complete and 0 interrupted iterations
black_friday_2026_readiness...   [  67% ] 0253/0280 VUs  14m42.8s/22m0s  109.00 iters/s

running (14m43.8s), 0241/0280 VUs, 79737 complete and 0 interrupted iterations
black_friday_2026_readiness...   [  67% ] 0241/0280 VUs  14m43.8s/22m0s  109.00 iters/s

running (14m44.8s), 0262/0280 VUs, 79825 complete and 0 interrupted iterations
black_friday_2026_readiness...   [  67% ] 0262/0280 VUs  14m44.8s/22m0s  109.00 iters/s

running (14m45.8s), 0248/0280 VUs, 79948 complete and 0 interrupted iterations
black_friday_2026_readiness...   [  67% ] 0248/0280 VUs  14m45.8s/22m0s  109.00 iters/s

running (14m46.8s), 0256/0280 VUs, 80048 complete and 0 interrupted iterations
black_friday_2026_readiness...   [  67% ] 0257/0280 VUs  14m46.8s/22m0s  109.00 iters/s

running (14m47.8s), 0254/0280 VUs, 80160 complete and 0 interrupted iterations
black_friday_2026_readiness...   [  67% ] 0254/0280 VUs  14m47.8s/22m0s  109.00 iters/s

running (14m48.8s), 0258/0280 VUs, 80265 complete and 0 interrupted iterations
black_friday_2026_readiness...   [  67% ] 0258/0280 VUs  14m48.8s/22m0s  109.00 iters/s

running (14m49.8s), 0256/0280 VUs, 80376 complete and 0 interrupted iterations
black_friday_2026_readiness...   [  67% ] 0256/0280 VUs  14m49.8s/22m0s  109.00 iters/s

running (14m50.8s), 0263/0280 VUs, 80478 complete and 0 interrupted iterations
black_friday_2026_readiness...   [  67% ] 0263/0280 VUs  14m50.8s/22m0s  109.00 iters/s

running (14m51.8s), 0252/0280 VUs, 80598 complete and 0 interrupted iterations
black_friday_2026_readiness...   [  68% ] 0252/0280 VUs  14m51.8s/22m0s  109.00 iters/s

running (14m52.8s), 0248/0280 VUs, 80711 complete and 0 interrupted iterations
black_friday_2026_readiness...   [  68% ] 0248/0280 VUs  14m52.8s/22m0s  109.00 iters/s

running (14m53.8s), 0252/0280 VUs, 80816 complete and 0 interrupted iterations
black_friday_2026_readiness...   [  68% ] 0252/0280 VUs  14m53.8s/22m0s  109.00 iters/s

running (14m54.8s), 0266/0280 VUs, 80911 complete and 0 interrupted iterations
black_friday_2026_readiness...   [  68% ] 0266/0280 VUs  14m54.8s/22m0s  109.00 iters/s

running (14m55.8s), 0270/0280 VUs, 81016 complete and 0 interrupted iterations
black_friday_2026_readiness...   [  68% ] 0270/0280 VUs  14m55.8s/22m0s  109.00 iters/s

running (14m56.8s), 0254/0280 VUs, 81141 complete and 0 interrupted iterations
black_friday_2026_readiness...   [  68% ] 0254/0280 VUs  14m56.8s/22m0s  109.00 iters/s

running (14m57.8s), 0258/0280 VUs, 81246 complete and 0 interrupted iterations
black_friday_2026_readiness...   [  68% ] 0258/0280 VUs  14m57.8s/22m0s  109.00 iters/s

running (14m58.8s), 0266/0280 VUs, 81347 complete and 0 interrupted iterations
black_friday_2026_readiness...   [  68% ] 0266/0280 VUs  14m58.8s/22m0s  109.00 iters/s

running (14m59.8s), 0263/0280 VUs, 81459 complete and 0 interrupted iterations
black_friday_2026_readiness...   [  68% ] 0263/0280 VUs  14m59.8s/22m0s  109.00 iters/s

running (15m00.8s), 0263/0280 VUs, 81568 complete and 0 interrupted iterations
black_friday_2026_readiness...   [  68% ] 0263/0280 VUs  15m00.8s/22m0s  109.00 iters/s

running (15m01.8s), 0259/0280 VUs, 81681 complete and 0 interrupted iterations
black_friday_2026_readiness...   [  68% ] 0259/0280 VUs  15m01.8s/22m0s  109.00 iters/s

running (15m02.8s), 0254/0280 VUs, 81795 complete and 0 interrupted iterations
black_friday_2026_readiness...   [  68% ] 0254/0280 VUs  15m02.8s/22m0s  109.00 iters/s

running (15m03.8s), 0254/0280 VUs, 81904 complete and 0 interrupted iterations
black_friday_2026_readiness...   [  68% ] 0254/0280 VUs  15m03.8s/22m0s  109.00 iters/s

running (15m04.8s), 0258/0280 VUs, 82009 complete and 0 interrupted iterations
black_friday_2026_readiness...   [  69% ] 0258/0280 VUs  15m04.8s/22m0s  109.00 iters/s

running (15m05.8s), 0262/0280 VUs, 82114 complete and 0 interrupted iterations
black_friday_2026_readiness...   [  69% ] 0262/0280 VUs  15m05.8s/22m0s  109.00 iters/s

running (15m06.8s), 0262/0280 VUs, 82223 complete and 0 interrupted iterations
black_friday_2026_readiness...   [  69% ] 0262/0280 VUs  15m06.8s/22m0s  109.00 iters/s

running (15m07.8s), 0261/0280 VUs, 82333 complete and 0 interrupted iterations
black_friday_2026_readiness...   [  69% ] 0261/0280 VUs  15m07.8s/22m0s  109.00 iters/s

running (15m08.8s), 0253/0280 VUs, 82449 complete and 0 interrupted iterations
black_friday_2026_readiness...   [  69% ] 0253/0280 VUs  15m08.8s/22m0s  109.00 iters/s

running (15m09.8s), 0258/0280 VUs, 82554 complete and 0 interrupted iterations
black_friday_2026_readiness...   [  69% ] 0258/0280 VUs  15m09.8s/22m0s  109.00 iters/s

running (15m10.8s), 0258/0280 VUs, 82663 complete and 0 interrupted iterations
black_friday_2026_readiness...   [  69% ] 0258/0280 VUs  15m10.8s/22m0s  109.00 iters/s

running (15m11.8s), 0268/0280 VUs, 82762 complete and 0 interrupted iterations
black_friday_2026_readiness...   [  69% ] 0268/0280 VUs  15m11.8s/22m0s  109.00 iters/s

running (15m12.8s), 0264/0280 VUs, 82875 complete and 0 interrupted iterations
black_friday_2026_readiness...   [  69% ] 0264/0280 VUs  15m12.8s/22m0s  109.00 iters/s

running (15m13.8s), 0261/0280 VUs, 82987 complete and 0 interrupted iterations
black_friday_2026_readiness...   [  69% ] 0261/0280 VUs  15m13.8s/22m0s  109.00 iters/s

running (15m14.8s), 0253/0280 VUs, 83104 complete and 0 interrupted iterations
black_friday_2026_readiness...   [  69% ] 0253/0280 VUs  15m14.8s/22m0s  109.00 iters/s

running (15m15.8s), 0268/0280 VUs, 83198 complete and 0 interrupted iterations
black_friday_2026_readiness...   [  69% ] 0268/0280 VUs  15m15.8s/22m0s  109.00 iters/s

running (15m16.8s), 0263/0280 VUs, 83312 complete and 0 interrupted iterations
black_friday_2026_readiness...   [  69% ] 0263/0280 VUs  15m16.8s/22m0s  109.00 iters/s

running (15m17.8s), 0256/0280 VUs, 83428 complete and 0 interrupted iterations
black_friday_2026_readiness...   [  70% ] 0256/0280 VUs  15m17.8s/22m0s  109.00 iters/s

running (15m18.8s), 0251/0280 VUs, 83541 complete and 0 interrupted iterations
black_friday_2026_readiness...   [  70% ] 0251/0280 VUs  15m18.8s/22m0s  109.00 iters/s

running (15m19.8s), 0251/0280 VUs, 83650 complete and 0 interrupted iterations
black_friday_2026_readiness...   [  70% ] 0251/0280 VUs  15m19.8s/22m0s  109.00 iters/s

running (15m20.8s), 0262/0280 VUs, 83749 complete and 0 interrupted iterations
black_friday_2026_readiness...   [  70% ] 0262/0280 VUs  15m20.8s/22m0s  109.00 iters/s

running (15m21.8s), 0258/0280 VUs, 83862 complete and 0 interrupted iterations
black_friday_2026_readiness...   [  70% ] 0258/0280 VUs  15m21.8s/22m0s  109.00 iters/s

running (15m22.8s), 0255/0280 VUs, 83974 complete and 0 interrupted iterations
black_friday_2026_readiness...   [  70% ] 0255/0280 VUs  15m22.8s/22m0s  109.00 iters/s

running (15m23.8s), 0249/0280 VUs, 84089 complete and 0 interrupted iterations
black_friday_2026_readiness...   [  70% ] 0249/0280 VUs  15m23.8s/22m0s  109.00 iters/s

running (15m24.8s), 0255/0280 VUs, 84192 complete and 0 interrupted iterations
black_friday_2026_readiness...   [  70% ] 0255/0280 VUs  15m24.8s/22m0s  109.00 iters/s

running (15m25.8s), 0251/0280 VUs, 84305 complete and 0 interrupted iterations
black_friday_2026_readiness...   [  70% ] 0251/0280 VUs  15m25.8s/22m0s  109.00 iters/s

running (15m26.8s), 0259/0280 VUs, 84406 complete and 0 interrupted iterations
black_friday_2026_readiness...   [  70% ] 0259/0280 VUs  15m26.8s/22m0s  109.00 iters/s

running (15m27.8s), 0262/0280 VUs, 84512 complete and 0 interrupted iterations
black_friday_2026_readiness...   [  70% ] 0262/0280 VUs  15m27.8s/22m0s  109.00 iters/s

running (15m28.8s), 0260/0280 VUs, 84622 complete and 0 interrupted iterations
black_friday_2026_readiness...   [  70% ] 0260/0280 VUs  15m28.8s/22m0s  109.00 iters/s

running (15m29.8s), 0253/0280 VUs, 84739 complete and 0 interrupted iterations
black_friday_2026_readiness...   [  70% ] 0253/0280 VUs  15m29.8s/22m0s  109.00 iters/s

running (15m30.8s), 0255/0280 VUs, 84845 complete and 0 interrupted iterations
black_friday_2026_readiness...   [  71% ] 0255/0280 VUs  15m30.8s/22m0s  109.00 iters/s

running (15m31.8s), 0256/0280 VUs, 84954 complete and 0 interrupted iterations
black_friday_2026_readiness...   [  71% ] 0256/0280 VUs  15m31.8s/22m0s  109.00 iters/s

running (15m32.8s), 0256/0280 VUs, 85063 complete and 0 interrupted iterations
black_friday_2026_readiness...   [  71% ] 0256/0280 VUs  15m32.8s/22m0s  109.00 iters/s

running (15m33.8s), 0247/0280 VUs, 85181 complete and 0 interrupted iterations
black_friday_2026_readiness...   [  71% ] 0247/0280 VUs  15m33.8s/22m0s  109.00 iters/s

running (15m34.8s), 0250/0280 VUs, 85287 complete and 0 interrupted iterations
black_friday_2026_readiness...   [  71% ] 0250/0280 VUs  15m34.8s/22m0s  109.00 iters/s

running (15m35.8s), 0248/0280 VUs, 85398 complete and 0 interrupted iterations
black_friday_2026_readiness...   [  71% ] 0248/0280 VUs  15m35.8s/22m0s  109.00 iters/s

running (15m36.8s), 0250/0280 VUs, 85504 complete and 0 interrupted iterations
black_friday_2026_readiness...   [  71% ] 0250/0280 VUs  15m36.8s/22m0s  109.00 iters/s

running (15m37.8s), 0261/0280 VUs, 85603 complete and 0 interrupted iterations
black_friday_2026_readiness...   [  71% ] 0261/0280 VUs  15m37.8s/22m0s  109.00 iters/s

running (15m38.8s), 0261/0280 VUs, 85712 complete and 0 interrupted iterations
black_friday_2026_readiness...   [  71% ] 0261/0280 VUs  15m38.8s/22m0s  109.00 iters/s

running (15m39.8s), 0260/0280 VUs, 85822 complete and 0 interrupted iterations
black_friday_2026_readiness...   [  71% ] 0260/0280 VUs  15m39.8s/22m0s  109.00 iters/s

running (15m40.8s), 0257/0280 VUs, 85934 complete and 0 interrupted iterations
black_friday_2026_readiness...   [  71% ] 0257/0280 VUs  15m40.8s/22m0s  109.00 iters/s

running (15m41.8s), 0267/0280 VUs, 86033 complete and 0 interrupted iterations
black_friday_2026_readiness...   [  71% ] 0267/0280 VUs  15m41.8s/22m0s  109.00 iters/s

running (15m42.8s), 0265/0280 VUs, 86144 complete and 0 interrupted iterations
black_friday_2026_readiness...   [  71% ] 0265/0280 VUs  15m42.8s/22m0s  109.00 iters/s

running (15m43.8s), 0260/0280 VUs, 86258 complete and 0 interrupted iterations
black_friday_2026_readiness...   [  72% ] 0260/0280 VUs  15m43.8s/22m0s  109.00 iters/s

running (15m44.8s), 0252/0280 VUs, 86375 complete and 0 interrupted iterations
black_friday_2026_readiness...   [  72% ] 0252/0280 VUs  15m44.8s/22m0s  109.00 iters/s

running (15m45.8s), 0261/0280 VUs, 86475 complete and 0 interrupted iterations
black_friday_2026_readiness...   [  72% ] 0261/0280 VUs  15m45.8s/22m0s  109.00 iters/s

running (15m46.8s), 0269/0280 VUs, 86576 complete and 0 interrupted iterations
black_friday_2026_readiness...   [  72% ] 0269/0280 VUs  15m46.8s/22m0s  109.00 iters/s

running (15m47.8s), 0249/0280 VUs, 86705 complete and 0 interrupted iterations
black_friday_2026_readiness...   [  72% ] 0249/0280 VUs  15m47.8s/22m0s  109.00 iters/s

running (15m48.8s), 0249/0280 VUs, 86814 complete and 0 interrupted iterations
black_friday_2026_readiness...   [  72% ] 0249/0280 VUs  15m48.8s/22m0s  109.00 iters/s

running (15m49.8s), 0258/0280 VUs, 86914 complete and 0 interrupted iterations
black_friday_2026_readiness...   [  72% ] 0258/0280 VUs  15m49.8s/22m0s  109.00 iters/s

running (15m50.8s), 0261/0280 VUs, 87020 complete and 0 interrupted iterations
black_friday_2026_readiness...   [  72% ] 0261/0280 VUs  15m50.8s/22m0s  109.00 iters/s

running (15m51.8s), 0262/0280 VUs, 87128 complete and 0 interrupted iterations
black_friday_2026_readiness...   [  72% ] 0262/0280 VUs  15m51.8s/22m0s  109.00 iters/s

running (15m52.8s), 0262/0280 VUs, 87237 complete and 0 interrupted iterations
black_friday_2026_readiness...   [  72% ] 0262/0280 VUs  15m52.8s/22m0s  109.00 iters/s

running (15m53.8s), 0258/0280 VUs, 87350 complete and 0 interrupted iterations
black_friday_2026_readiness...   [  72% ] 0258/0280 VUs  15m53.8s/22m0s  109.00 iters/s

running (15m54.8s), 0266/0280 VUs, 87451 complete and 0 interrupted iterations
black_friday_2026_readiness...   [  72% ] 0266/0280 VUs  15m54.8s/22m0s  109.00 iters/s

running (15m55.8s), 0260/0280 VUs, 87566 complete and 0 interrupted iterations
black_friday_2026_readiness...   [  72% ] 0260/0280 VUs  15m55.8s/22m0s  109.00 iters/s

running (15m56.8s), 0255/0280 VUs, 87679 complete and 0 interrupted iterations
black_friday_2026_readiness...   [  72% ] 0255/0280 VUs  15m56.8s/22m0s  109.00 iters/s

running (15m57.8s), 0262/0280 VUs, 87782 complete and 0 interrupted iterations
black_friday_2026_readiness...   [  73% ] 0262/0280 VUs  15m57.8s/22m0s  109.00 iters/s

running (15m58.8s), 0263/0280 VUs, 87889 complete and 0 interrupted iterations
black_friday_2026_readiness...   [  73% ] 0263/0280 VUs  15m58.8s/22m0s  109.00 iters/s

running (15m59.8s), 0259/0280 VUs, 88003 complete and 0 interrupted iterations
black_friday_2026_readiness...   [  73% ] 0259/0280 VUs  15m59.8s/22m0s  109.00 iters/s

running (16m00.8s), 0255/0280 VUs, 88116 complete and 0 interrupted iterations
black_friday_2026_readiness...   [  73% ] 0255/0280 VUs  16m00.8s/22m0s  109.00 iters/s

running (16m01.8s), 0257/0280 VUs, 88223 complete and 0 interrupted iterations
black_friday_2026_readiness...   [  73% ] 0257/0280 VUs  16m01.8s/22m0s  109.00 iters/s

running (16m02.8s), 0263/0280 VUs, 88326 complete and 0 interrupted iterations
black_friday_2026_readiness...   [  73% ] 0263/0280 VUs  16m02.8s/22m0s  109.00 iters/s

running (16m03.8s), 0267/0280 VUs, 88431 complete and 0 interrupted iterations
black_friday_2026_readiness...   [  73% ] 0267/0280 VUs  16m03.8s/22m0s  109.00 iters/s

running (16m04.8s), 0256/0280 VUs, 88551 complete and 0 interrupted iterations
black_friday_2026_readiness...   [  73% ] 0256/0280 VUs  16m04.8s/22m0s  109.00 iters/s

running (16m05.8s), 0251/0280 VUs, 88665 complete and 0 interrupted iterations
black_friday_2026_readiness...   [  73% ] 0251/0280 VUs  16m05.8s/22m0s  109.00 iters/s

running (16m06.8s), 0254/0280 VUs, 88771 complete and 0 interrupted iterations
black_friday_2026_readiness...   [  73% ] 0254/0280 VUs  16m06.8s/22m0s  109.00 iters/s

running (16m07.8s), 0255/0280 VUs, 88879 complete and 0 interrupted iterations
black_friday_2026_readiness...   [  73% ] 0255/0280 VUs  16m07.8s/22m0s  109.00 iters/s

running (16m08.8s), 0261/0280 VUs, 88982 complete and 0 interrupted iterations
black_friday_2026_readiness...   [  73% ] 0261/0280 VUs  16m08.8s/22m0s  109.00 iters/s

running (16m09.8s), 0267/0280 VUs, 89085 complete and 0 interrupted iterations
black_friday_2026_readiness...   [  73% ] 0267/0280 VUs  16m09.8s/22m0s  109.00 iters/s

running (16m10.8s), 0253/0280 VUs, 89208 complete and 0 interrupted iterations
black_friday_2026_readiness...   [  74% ] 0253/0280 VUs  16m10.8s/22m0s  109.00 iters/s

running (16m11.8s), 0257/0280 VUs, 89313 complete and 0 interrupted iterations
black_friday_2026_readiness...   [  74% ] 0257/0280 VUs  16m11.8s/22m0s  109.00 iters/s

running (16m12.8s), 0260/0280 VUs, 89419 complete and 0 interrupted iterations
black_friday_2026_readiness...   [  74% ] 0260/0280 VUs  16m12.8s/22m0s  109.00 iters/s

running (16m13.8s), 0264/0280 VUs, 89524 complete and 0 interrupted iterations
black_friday_2026_readiness...   [  74% ] 0264/0280 VUs  16m13.8s/22m0s  109.00 iters/s

running (16m14.8s), 0260/0280 VUs, 89637 complete and 0 interrupted iterations
black_friday_2026_readiness...   [  74% ] 0260/0280 VUs  16m14.8s/22m0s  109.00 iters/s

running (16m15.8s), 0261/0280 VUs, 89745 complete and 0 interrupted iterations
black_friday_2026_readiness...   [  74% ] 0261/0280 VUs  16m15.8s/22m0s  109.00 iters/s

running (16m16.8s), 0270/0280 VUs, 89845 complete and 0 interrupted iterations
black_friday_2026_readiness...   [  74% ] 0270/0280 VUs  16m16.8s/22m0s  109.00 iters/s

running (16m17.8s), 0260/0280 VUs, 89963 complete and 0 interrupted iterations
black_friday_2026_readiness...   [  74% ] 0260/0280 VUs  16m17.8s/22m0s  109.00 iters/s

running (16m18.8s), 0258/0280 VUs, 90075 complete and 0 interrupted iterations
black_friday_2026_readiness...   [  74% ] 0258/0280 VUs  16m18.8s/22m0s  109.00 iters/s

running (16m19.8s), 0269/0280 VUs, 90173 complete and 0 interrupted iterations
black_friday_2026_readiness...   [  74% ] 0269/0280 VUs  16m19.8s/22m0s  109.00 iters/s

running (16m20.8s), 0264/0280 VUs, 90287 complete and 0 interrupted iterations
black_friday_2026_readiness...   [  74% ] 0264/0280 VUs  16m20.8s/22m0s  109.00 iters/s

running (16m21.8s), 0255/0280 VUs, 90405 complete and 0 interrupted iterations
black_friday_2026_readiness...   [  74% ] 0255/0280 VUs  16m21.8s/22m0s  109.00 iters/s

running (16m22.8s), 0249/0280 VUs, 90520 complete and 0 interrupted iterations
black_friday_2026_readiness...   [  74% ] 0249/0280 VUs  16m22.8s/22m0s  109.00 iters/s

running (16m23.8s), 0254/0280 VUs, 90624 complete and 0 interrupted iterations
black_friday_2026_readiness...   [  75% ] 0254/0280 VUs  16m23.8s/22m0s  109.00 iters/s

running (16m24.8s), 0266/0280 VUs, 90721 complete and 0 interrupted iterations
black_friday_2026_readiness...   [  75% ] 0266/0280 VUs  16m24.8s/22m0s  109.00 iters/s

running (16m25.8s), 0257/0280 VUs, 90839 complete and 0 interrupted iterations
black_friday_2026_readiness...   [  75% ] 0257/0280 VUs  16m25.8s/22m0s  109.00 iters/s

running (16m26.8s), 0254/0280 VUs, 90951 complete and 0 interrupted iterations
black_friday_2026_readiness...   [  75% ] 0254/0280 VUs  16m26.8s/22m0s  109.00 iters/s

running (16m27.8s), 0263/0280 VUs, 91051 complete and 0 interrupted iterations
black_friday_2026_readiness...   [  75% ] 0263/0280 VUs  16m27.8s/22m0s  109.00 iters/s

running (16m28.8s), 0251/0280 VUs, 91172 complete and 0 interrupted iterations
black_friday_2026_readiness...   [  75% ] 0251/0280 VUs  16m28.8s/22m0s  109.00 iters/s

running (16m29.8s), 0259/0280 VUs, 91273 complete and 0 interrupted iterations
black_friday_2026_readiness...   [  75% ] 0259/0280 VUs  16m29.8s/22m0s  109.00 iters/s

running (16m30.8s), 0249/0280 VUs, 91392 complete and 0 interrupted iterations
black_friday_2026_readiness...   [  75% ] 0249/0280 VUs  16m30.8s/22m0s  109.00 iters/s

running (16m31.8s), 0260/0280 VUs, 91490 complete and 0 interrupted iterations
black_friday_2026_readiness...   [  75% ] 0260/0280 VUs  16m31.8s/22m0s  109.00 iters/s

running (16m32.8s), 0260/0280 VUs, 91599 complete and 0 interrupted iterations
black_friday_2026_readiness...   [  75% ] 0260/0280 VUs  16m32.8s/22m0s  109.00 iters/s

running (16m33.8s), 0257/0280 VUs, 91711 complete and 0 interrupted iterations
black_friday_2026_readiness...   [  75% ] 0257/0280 VUs  16m33.8s/22m0s  109.00 iters/s

running (16m34.8s), 0251/0280 VUs, 91826 complete and 0 interrupted iterations
black_friday_2026_readiness...   [  75% ] 0251/0280 VUs  16m34.8s/22m0s  109.00 iters/s

running (16m35.8s), 0254/0280 VUs, 91932 complete and 0 interrupted iterations
black_friday_2026_readiness...   [  75% ] 0254/0280 VUs  16m35.8s/22m0s  109.00 iters/s

running (16m36.8s), 0261/0280 VUs, 92034 complete and 0 interrupted iterations
black_friday_2026_readiness...   [  76% ] 0261/0280 VUs  16m36.8s/22m0s  109.00 iters/s

running (16m37.8s), 0267/0280 VUs, 92137 complete and 0 interrupted iterations
black_friday_2026_readiness...   [  76% ] 0267/0280 VUs  16m37.8s/22m0s  109.00 iters/s

running (16m38.8s), 0248/0280 VUs, 92265 complete and 0 interrupted iterations
black_friday_2026_readiness...   [  76% ] 0248/0280 VUs  16m38.8s/22m0s  109.00 iters/s

running (16m39.8s), 0253/0280 VUs, 92369 complete and 0 interrupted iterations
black_friday_2026_readiness...   [  76% ] 0253/0280 VUs  16m39.8s/22m0s  109.00 iters/s

running (16m40.8s), 0261/0280 VUs, 92470 complete and 0 interrupted iterations
black_friday_2026_readiness...   [  76% ] 0261/0280 VUs  16m40.8s/22m0s  109.00 iters/s

running (16m41.8s), 0261/0280 VUs, 92579 complete and 0 interrupted iterations
black_friday_2026_readiness...   [  76% ] 0261/0280 VUs  16m41.8s/22m0s  109.00 iters/s

running (16m42.8s), 0250/0280 VUs, 92699 complete and 0 interrupted iterations
black_friday_2026_readiness...   [  76% ] 0250/0280 VUs  16m42.8s/22m0s  109.00 iters/s

running (16m43.8s), 0250/0280 VUs, 92807 complete and 0 interrupted iterations
black_friday_2026_readiness...   [  76% ] 0250/0280 VUs  16m43.8s/22m0s  109.00 iters/s

running (16m44.8s), 0254/0280 VUs, 92913 complete and 0 interrupted iterations
black_friday_2026_readiness...   [  76% ] 0254/0280 VUs  16m44.8s/22m0s  109.00 iters/s

running (16m45.8s), 0255/0280 VUs, 93020 complete and 0 interrupted iterations
black_friday_2026_readiness...   [  76% ] 0255/0280 VUs  16m45.8s/22m0s  109.00 iters/s

running (16m46.8s), 0255/0280 VUs, 93130 complete and 0 interrupted iterations
black_friday_2026_readiness...   [  76% ] 0255/0280 VUs  16m46.8s/22m0s  109.00 iters/s

running (16m47.8s), 0251/0280 VUs, 93243 complete and 0 interrupted iterations
black_friday_2026_readiness...   [  76% ] 0251/0280 VUs  16m47.8s/22m0s  109.00 iters/s

running (16m48.8s), 0243/0280 VUs, 93360 complete and 0 interrupted iterations
black_friday_2026_readiness...   [  76% ] 0243/0280 VUs  16m48.8s/22m0s  109.00 iters/s

running (16m49.8s), 0268/0280 VUs, 93444 complete and 0 interrupted iterations
black_friday_2026_readiness...   [  77% ] 0268/0280 VUs  16m49.8s/22m0s  109.00 iters/s

running (16m50.8s), 0269/0280 VUs, 93552 complete and 0 interrupted iterations
black_friday_2026_readiness...   [  77% ] 0269/0280 VUs  16m50.8s/22m0s  109.00 iters/s

running (16m51.8s), 0259/0280 VUs, 93671 complete and 0 interrupted iterations
black_friday_2026_readiness...   [  77% ] 0259/0280 VUs  16m51.8s/22m0s  109.00 iters/s

running (16m52.8s), 0254/0280 VUs, 93785 complete and 0 interrupted iterations
black_friday_2026_readiness...   [  77% ] 0254/0280 VUs  16m52.8s/22m0s  109.00 iters/s

running (16m53.8s), 0264/0280 VUs, 93883 complete and 0 interrupted iterations
black_friday_2026_readiness...   [  77% ] 0264/0280 VUs  16m53.8s/22m0s  109.00 iters/s

running (16m54.8s), 0261/0280 VUs, 93996 complete and 0 interrupted iterations
black_friday_2026_readiness...   [  77% ] 0261/0280 VUs  16m54.8s/22m0s  109.00 iters/s

running (16m55.8s), 0255/0280 VUs, 94111 complete and 0 interrupted iterations
black_friday_2026_readiness...   [  77% ] 0255/0280 VUs  16m55.8s/22m0s  109.00 iters/s

running (16m56.8s), 0256/0280 VUs, 94218 complete and 0 interrupted iterations
black_friday_2026_readiness...   [  77% ] 0256/0280 VUs  16m56.8s/22m0s  109.00 iters/s

running (16m57.8s), 0247/0280 VUs, 94337 complete and 0 interrupted iterations
black_friday_2026_readiness...   [  77% ] 0247/0280 VUs  16m57.8s/22m0s  109.00 iters/s

running (16m58.8s), 0260/0280 VUs, 94433 complete and 0 interrupted iterations
black_friday_2026_readiness...   [  77% ] 0260/0280 VUs  16m58.8s/22m0s  109.00 iters/s

running (16m59.8s), 0260/0280 VUs, 94542 complete and 0 interrupted iterations
black_friday_2026_readiness...   [  77% ] 0260/0280 VUs  16m59.8s/22m0s  109.00 iters/s

running (17m00.8s), 0259/0280 VUs, 94652 complete and 0 interrupted iterations
black_friday_2026_readiness...   [  77% ] 0259/0280 VUs  17m00.8s/22m0s  109.00 iters/s

running (17m01.8s), 0265/0280 VUs, 94755 complete and 0 interrupted iterations
black_friday_2026_readiness...   [  77% ] 0264/0280 VUs  17m01.8s/22m0s  109.00 iters/s

running (17m02.8s), 0262/0280 VUs, 94867 complete and 0 interrupted iterations
black_friday_2026_readiness...   [  77% ] 0262/0280 VUs  17m02.8s/22m0s  109.00 iters/s

running (17m03.8s), 0267/0280 VUs, 94971 complete and 0 interrupted iterations
black_friday_2026_readiness...   [  78% ] 0267/0280 VUs  17m03.8s/22m0s  109.00 iters/s

running (17m04.8s), 0259/0280 VUs, 95088 complete and 0 interrupted iterations
black_friday_2026_readiness...   [  78% ] 0259/0280 VUs  17m04.8s/22m0s  109.00 iters/s

running (17m05.8s), 0263/0280 VUs, 95193 complete and 0 interrupted iterations
black_friday_2026_readiness...   [  78% ] 0263/0280 VUs  17m05.8s/22m0s  109.00 iters/s

running (17m06.8s), 0258/0280 VUs, 95307 complete and 0 interrupted iterations
black_friday_2026_readiness...   [  78% ] 0258/0280 VUs  17m06.8s/22m0s  109.00 iters/s

running (17m07.8s), 0266/0280 VUs, 95408 complete and 0 interrupted iterations
black_friday_2026_readiness...   [  78% ] 0266/0280 VUs  17m07.8s/22m0s  109.00 iters/s

running (17m08.8s), 0262/0280 VUs, 95520 complete and 0 interrupted iterations
black_friday_2026_readiness...   [  78% ] 0262/0280 VUs  17m08.8s/22m0s  109.00 iters/s

running (17m09.8s), 0260/0280 VUs, 95632 complete and 0 interrupted iterations
black_friday_2026_readiness...   [  78% ] 0260/0280 VUs  17m09.8s/22m0s  109.00 iters/s

running (17m10.8s), 0251/0280 VUs, 95750 complete and 0 interrupted iterations
black_friday_2026_readiness...   [  78% ] 0251/0280 VUs  17m10.8s/22m0s  109.00 iters/s

running (17m11.8s), 0256/0280 VUs, 95854 complete and 0 interrupted iterations
black_friday_2026_readiness...   [  78% ] 0256/0280 VUs  17m11.8s/22m0s  109.00 iters/s

running (17m12.8s), 0252/0280 VUs, 95966 complete and 0 interrupted iterations
black_friday_2026_readiness...   [  78% ] 0252/0280 VUs  17m12.8s/22m0s  109.00 iters/s

running (17m13.8s), 0263/0280 VUs, 96065 complete and 0 interrupted iterations
black_friday_2026_readiness...   [  78% ] 0263/0280 VUs  17m13.8s/22m0s  109.00 iters/s

running (17m14.8s), 0263/0280 VUs, 96174 complete and 0 interrupted iterations
black_friday_2026_readiness...   [  78% ] 0263/0280 VUs  17m14.8s/22m0s  109.00 iters/s

running (17m15.8s), 0256/0280 VUs, 96290 complete and 0 interrupted iterations
black_friday_2026_readiness...   [  78% ] 0256/0280 VUs  17m15.8s/22m0s  109.00 iters/s

running (17m16.8s), 0249/0280 VUs, 96406 complete and 0 interrupted iterations
black_friday_2026_readiness...   [  79% ] 0249/0280 VUs  17m16.8s/22m0s  109.00 iters/s

running (17m17.8s), 0250/0280 VUs, 96513 complete and 0 interrupted iterations
black_friday_2026_readiness...   [  79% ] 0250/0280 VUs  17m17.8s/22m0s  109.00 iters/s

running (17m18.8s), 0263/0280 VUs, 96610 complete and 0 interrupted iterations
black_friday_2026_readiness...   [  79% ] 0263/0280 VUs  17m18.8s/22m0s  109.00 iters/s

running (17m19.8s), 0254/0280 VUs, 96728 complete and 0 interrupted iterations
black_friday_2026_readiness...   [  79% ] 0254/0280 VUs  17m19.8s/22m0s  109.00 iters/s

running (17m20.8s), 0246/0280 VUs, 96845 complete and 0 interrupted iterations
black_friday_2026_readiness...   [  79% ] 0246/0280 VUs  17m20.8s/22m0s  109.00 iters/s

running (17m21.8s), 0255/0280 VUs, 96944 complete and 0 interrupted iterations
black_friday_2026_readiness...   [  79% ] 0255/0280 VUs  17m21.8s/22m0s  109.00 iters/s

running (17m22.8s), 0262/0280 VUs, 97047 complete and 0 interrupted iterations
black_friday_2026_readiness...   [  79% ] 0262/0280 VUs  17m22.8s/22m0s  109.00 iters/s

running (17m23.8s), 0263/0280 VUs, 97155 complete and 0 interrupted iterations
black_friday_2026_readiness...   [  79% ] 0263/0280 VUs  17m23.8s/22m0s  109.00 iters/s

running (17m24.8s), 0255/0280 VUs, 97272 complete and 0 interrupted iterations
black_friday_2026_readiness...   [  79% ] 0255/0280 VUs  17m24.8s/22m0s  109.00 iters/s

running (17m25.8s), 0258/0280 VUs, 97378 complete and 0 interrupted iterations
black_friday_2026_readiness...   [  79% ] 0258/0280 VUs  17m25.8s/22m0s  109.00 iters/s

running (17m26.8s), 0258/0280 VUs, 97486 complete and 0 interrupted iterations
black_friday_2026_readiness...   [  79% ] 0258/0280 VUs  17m26.8s/22m0s  109.00 iters/s

running (17m27.8s), 0258/0280 VUs, 97596 complete and 0 interrupted iterations
black_friday_2026_readiness...   [  79% ] 0258/0280 VUs  17m27.8s/22m0s  109.00 iters/s

running (17m28.8s), 0265/0280 VUs, 97698 complete and 0 interrupted iterations
black_friday_2026_readiness...   [  79% ] 0265/0280 VUs  17m28.8s/22m0s  109.00 iters/s

running (17m29.8s), 0251/0280 VUs, 97821 complete and 0 interrupted iterations
black_friday_2026_readiness...   [  80% ] 0251/0280 VUs  17m29.8s/22m0s  109.00 iters/s

running (17m30.8s), 0247/0280 VUs, 97934 complete and 0 interrupted iterations
black_friday_2026_readiness...   [  80% ] 0247/0280 VUs  17m30.8s/22m0s  109.00 iters/s

running (17m31.8s), 0259/0280 VUs, 98031 complete and 0 interrupted iterations
black_friday_2026_readiness...   [  80% ] 0259/0280 VUs  17m31.8s/22m0s  109.00 iters/s

running (17m32.8s), 0258/0280 VUs, 98141 complete and 0 interrupted iterations
black_friday_2026_readiness...   [  80% ] 0258/0280 VUs  17m32.8s/22m0s  109.00 iters/s

running (17m33.8s), 0274/0280 VUs, 98234 complete and 0 interrupted iterations
black_friday_2026_readiness...   [  80% ] 0274/0280 VUs  17m33.8s/22m0s  109.00 iters/s

running (17m34.8s), 0267/0281 VUs, 98349 complete and 0 interrupted iterations
black_friday_2026_readiness...   [  80% ] 0267/0281 VUs  17m34.8s/22m0s  109.00 iters/s

running (17m35.8s), 0266/0281 VUs, 98459 complete and 0 interrupted iterations
black_friday_2026_readiness...   [  80% ] 0266/0281 VUs  17m35.8s/22m0s  109.00 iters/s

running (17m36.8s), 0257/0281 VUs, 98577 complete and 0 interrupted iterations
black_friday_2026_readiness...   [  80% ] 0257/0281 VUs  17m36.8s/22m0s  109.00 iters/s

running (17m37.8s), 0253/0281 VUs, 98690 complete and 0 interrupted iterations
black_friday_2026_readiness...   [  80% ] 0253/0281 VUs  17m37.8s/22m0s  109.00 iters/s

running (17m38.8s), 0250/0281 VUs, 98802 complete and 0 interrupted iterations
black_friday_2026_readiness...   [  80% ] 0250/0281 VUs  17m38.8s/22m0s  109.00 iters/s

running (17m39.8s), 0254/0281 VUs, 98907 complete and 0 interrupted iterations
black_friday_2026_readiness...   [  80% ] 0254/0281 VUs  17m39.8s/22m0s  109.00 iters/s

running (17m40.8s), 0258/0281 VUs, 99012 complete and 0 interrupted iterations
black_friday_2026_readiness...   [  80% ] 0258/0281 VUs  17m40.8s/22m0s  109.00 iters/s

running (17m41.8s), 0263/0281 VUs, 99116 complete and 0 interrupted iterations
black_friday_2026_readiness...   [  80% ] 0263/0281 VUs  17m41.8s/22m0s  109.00 iters/s

running (17m42.8s), 0262/0281 VUs, 99226 complete and 0 interrupted iterations
black_friday_2026_readiness...   [  81% ] 0262/0281 VUs  17m42.8s/22m0s  109.00 iters/s

running (17m43.8s), 0259/0281 VUs, 99338 complete and 0 interrupted iterations
black_friday_2026_readiness...   [  81% ] 0259/0281 VUs  17m43.8s/22m0s  109.00 iters/s

running (17m44.8s), 0259/0281 VUs, 99447 complete and 0 interrupted iterations
black_friday_2026_readiness...   [  81% ] 0259/0281 VUs  17m44.8s/22m0s  109.00 iters/s

running (17m45.8s), 0260/0281 VUs, 99555 complete and 0 interrupted iterations
black_friday_2026_readiness...   [  81% ] 0260/0281 VUs  17m45.8s/22m0s  109.00 iters/s

running (17m46.8s), 0256/0281 VUs, 99668 complete and 0 interrupted iterations
black_friday_2026_readiness...   [  81% ] 0256/0281 VUs  17m46.8s/22m0s  109.00 iters/s

running (17m47.8s), 0261/0281 VUs, 99772 complete and 0 interrupted iterations
black_friday_2026_readiness...   [  81% ] 0261/0281 VUs  17m47.8s/22m0s  109.00 iters/s

running (17m48.8s), 0258/0281 VUs, 99884 complete and 0 interrupted iterations
black_friday_2026_readiness...   [  81% ] 0258/0281 VUs  17m48.8s/22m0s  109.00 iters/s

running (17m49.8s), 0260/0281 VUs, 99991 complete and 0 interrupted iterations
black_friday_2026_readiness...   [  81% ] 0260/0281 VUs  17m49.8s/22m0s  109.00 iters/s

running (17m50.8s), 0260/0281 VUs, 100100 complete and 0 interrupted iterations
black_friday_2026_readiness...   [  81% ] 0260/0281 VUs  17m50.8s/22m0s  109.00 iters/s

running (17m51.8s), 0262/0281 VUs, 100207 complete and 0 interrupted iterations
black_friday_2026_readiness...   [  81% ] 0262/0281 VUs  17m51.8s/22m0s  109.00 iters/s

running (17m52.8s), 0251/0281 VUs, 100327 complete and 0 interrupted iterations
black_friday_2026_readiness...   [  81% ] 0251/0281 VUs  17m52.8s/22m0s  109.00 iters/s

running (17m53.8s), 0246/0281 VUs, 100441 complete and 0 interrupted iterations
black_friday_2026_readiness...   [  81% ] 0246/0281 VUs  17m53.8s/22m0s  109.00 iters/s

running (17m54.8s), 0250/0281 VUs, 100546 complete and 0 interrupted iterations
black_friday_2026_readiness...   [  81% ] 0250/0281 VUs  17m54.8s/22m0s  109.00 iters/s

running (17m55.8s), 0253/0281 VUs, 100652 complete and 0 interrupted iterations
black_friday_2026_readiness...   [  82% ] 0253/0281 VUs  17m55.8s/22m0s  109.00 iters/s

running (17m56.8s), 0270/0281 VUs, 100744 complete and 0 interrupted iterations
black_friday_2026_readiness...   [  82% ] 0270/0281 VUs  17m56.8s/22m0s  109.00 iters/s

running (17m57.8s), 0267/0281 VUs, 100856 complete and 0 interrupted iterations
black_friday_2026_readiness...   [  82% ] 0267/0281 VUs  17m57.8s/22m0s  109.00 iters/s

running (17m58.8s), 0252/0281 VUs, 100980 complete and 0 interrupted iterations
black_friday_2026_readiness...   [  82% ] 0252/0281 VUs  17m58.8s/22m0s  109.00 iters/s

running (17m59.8s), 0251/0281 VUs, 101090 complete and 0 interrupted iterations
black_friday_2026_readiness...   [  82% ] 0251/0281 VUs  17m59.8s/22m0s  109.00 iters/s

running (18m00.8s), 0262/0281 VUs, 101188 complete and 0 interrupted iterations
black_friday_2026_readiness...   [  82% ] 0262/0281 VUs  18m00.8s/22m0s  109.00 iters/s

running (18m01.8s), 0265/0281 VUs, 101294 complete and 0 interrupted iterations
black_friday_2026_readiness...   [  82% ] 0265/0281 VUs  18m01.8s/22m0s  109.00 iters/s

running (18m02.8s), 0260/0281 VUs, 101407 complete and 0 interrupted iterations
black_friday_2026_readiness...   [  82% ] 0260/0281 VUs  18m02.8s/22m0s  109.00 iters/s

running (18m03.8s), 0250/0281 VUs, 101527 complete and 0 interrupted iterations
black_friday_2026_readiness...   [  82% ] 0250/0281 VUs  18m03.8s/22m0s  109.00 iters/s

running (18m04.8s), 0250/0281 VUs, 101635 complete and 0 interrupted iterations
black_friday_2026_readiness...   [  82% ] 0250/0281 VUs  18m04.8s/22m0s  109.00 iters/s

running (18m05.8s), 0258/0281 VUs, 101737 complete and 0 interrupted iterations
black_friday_2026_readiness...   [  82% ] 0258/0281 VUs  18m05.8s/22m0s  109.00 iters/s

running (18m06.8s), 0259/0281 VUs, 101844 complete and 0 interrupted iterations
black_friday_2026_readiness...   [  82% ] 0259/0281 VUs  18m06.8s/22m0s  109.00 iters/s

running (18m07.8s), 0269/0281 VUs, 101943 complete and 0 interrupted iterations
black_friday_2026_readiness...   [  82% ] 0269/0281 VUs  18m07.8s/22m0s  109.00 iters/s

running (18m08.8s), 0263/0281 VUs, 102059 complete and 0 interrupted iterations
black_friday_2026_readiness...   [  82% ] 0263/0281 VUs  18m08.8s/22m0s  109.00 iters/s

running (18m09.8s), 0255/0281 VUs, 102176 complete and 0 interrupted iterations
black_friday_2026_readiness...   [  83% ] 0255/0281 VUs  18m09.8s/22m0s  109.00 iters/s

running (18m10.8s), 0264/0281 VUs, 102276 complete and 0 interrupted iterations
black_friday_2026_readiness...   [  83% ] 0264/0281 VUs  18m10.8s/22m0s  109.00 iters/s

running (18m11.8s), 0264/0281 VUs, 102385 complete and 0 interrupted iterations
black_friday_2026_readiness...   [  83% ] 0264/0281 VUs  18m11.8s/22m0s  109.00 iters/s

running (18m12.8s), 0257/0281 VUs, 102501 complete and 0 interrupted iterations
black_friday_2026_readiness...   [  83% ] 0257/0281 VUs  18m12.8s/22m0s  109.00 iters/s

running (18m13.8s), 0266/0281 VUs, 102601 complete and 0 interrupted iterations
black_friday_2026_readiness...   [  83% ] 0266/0281 VUs  18m13.8s/22m0s  109.00 iters/s

running (18m14.8s), 0262/0281 VUs, 102714 complete and 0 interrupted iterations
black_friday_2026_readiness...   [  83% ] 0262/0281 VUs  18m14.8s/22m0s  109.00 iters/s

running (18m15.8s), 0263/0281 VUs, 102822 complete and 0 interrupted iterations
black_friday_2026_readiness...   [  83% ] 0263/0281 VUs  18m15.8s/22m0s  109.00 iters/s

running (18m16.8s), 0265/0281 VUs, 102929 complete and 0 interrupted iterations
black_friday_2026_readiness...   [  83% ] 0265/0281 VUs  18m16.8s/22m0s  109.00 iters/s

running (18m17.8s), 0250/0281 VUs, 103053 complete and 0 interrupted iterations
black_friday_2026_readiness...   [  83% ] 0250/0281 VUs  18m17.8s/22m0s  109.00 iters/s

running (18m18.8s), 0251/0281 VUs, 103161 complete and 0 interrupted iterations
black_friday_2026_readiness...   [  83% ] 0251/0281 VUs  18m18.8s/22m0s  109.00 iters/s

running (18m19.8s), 0253/0281 VUs, 103268 complete and 0 interrupted iterations
black_friday_2026_readiness...   [  83% ] 0253/0281 VUs  18m19.8s/22m0s  109.00 iters/s

running (18m20.8s), 0262/0281 VUs, 103368 complete and 0 interrupted iterations
black_friday_2026_readiness...   [  83% ] 0262/0281 VUs  18m20.8s/22m0s  109.00 iters/s

running (18m21.8s), 0260/0281 VUs, 103479 complete and 0 interrupted iterations
black_friday_2026_readiness...   [  83% ] 0260/0281 VUs  18m21.8s/22m0s  109.00 iters/s

running (18m22.8s), 0254/0281 VUs, 103594 complete and 0 interrupted iterations
black_friday_2026_readiness...   [  84% ] 0254/0281 VUs  18m22.8s/22m0s  109.00 iters/s

running (18m23.8s), 0257/0281 VUs, 103700 complete and 0 interrupted iterations
black_friday_2026_readiness...   [  84% ] 0257/0281 VUs  18m23.8s/22m0s  109.00 iters/s

running (18m24.8s), 0260/0281 VUs, 103806 complete and 0 interrupted iterations
black_friday_2026_readiness...   [  84% ] 0260/0281 VUs  18m24.8s/22m0s  109.00 iters/s

running (18m25.8s), 0266/0281 VUs, 103909 complete and 0 interrupted iterations
black_friday_2026_readiness...   [  84% ] 0266/0281 VUs  18m25.8s/22m0s  109.00 iters/s

running (18m26.8s), 0255/0281 VUs, 104029 complete and 0 interrupted iterations
black_friday_2026_readiness...   [  84% ] 0255/0281 VUs  18m26.8s/22m0s  109.00 iters/s

running (18m27.8s), 0257/0281 VUs, 104135 complete and 0 interrupted iterations
black_friday_2026_readiness...   [  84% ] 0257/0281 VUs  18m27.8s/22m0s  109.00 iters/s

running (18m28.8s), 0263/0281 VUs, 104239 complete and 0 interrupted iterations
black_friday_2026_readiness...   [  84% ] 0263/0281 VUs  18m28.8s/22m0s  109.00 iters/s

running (18m29.8s), 0257/0281 VUs, 104353 complete and 0 interrupted iterations
black_friday_2026_readiness...   [  84% ] 0257/0281 VUs  18m29.8s/22m0s  109.00 iters/s

running (18m30.8s), 0257/0281 VUs, 104463 complete and 0 interrupted iterations
black_friday_2026_readiness...   [  84% ] 0257/0281 VUs  18m30.8s/22m0s  109.00 iters/s

running (18m31.8s), 0252/0281 VUs, 104576 complete and 0 interrupted iterations
black_friday_2026_readiness...   [  84% ] 0252/0281 VUs  18m31.8s/22m0s  109.00 iters/s

running (18m32.8s), 0249/0281 VUs, 104689 complete and 0 interrupted iterations
black_friday_2026_readiness...   [  84% ] 0249/0281 VUs  18m32.8s/22m0s  109.00 iters/s

running (18m33.8s), 0270/0281 VUs, 104777 complete and 0 interrupted iterations
black_friday_2026_readiness...   [  84% ] 0270/0281 VUs  18m33.8s/22m0s  109.00 iters/s

running (18m34.8s), 0256/0281 VUs, 104900 complete and 0 interrupted iterations
black_friday_2026_readiness...   [  84% ] 0256/0281 VUs  18m34.8s/22m0s  109.00 iters/s

running (18m35.8s), 0257/0281 VUs, 105008 complete and 0 interrupted iterations
black_friday_2026_readiness...   [  85% ] 0257/0281 VUs  18m35.8s/22m0s  109.00 iters/s

running (18m36.8s), 0260/0281 VUs, 105114 complete and 0 interrupted iterations
black_friday_2026_readiness...   [  85% ] 0260/0281 VUs  18m36.8s/22m0s  109.00 iters/s

running (18m37.8s), 0254/0281 VUs, 105229 complete and 0 interrupted iterations
black_friday_2026_readiness...   [  85% ] 0254/0281 VUs  18m37.8s/22m0s  109.00 iters/s

running (18m38.8s), 0252/0281 VUs, 105339 complete and 0 interrupted iterations
black_friday_2026_readiness...   [  85% ] 0252/0281 VUs  18m38.8s/22m0s  109.00 iters/s

running (18m39.8s), 0256/0281 VUs, 105445 complete and 0 interrupted iterations
black_friday_2026_readiness...   [  85% ] 0256/0281 VUs  18m39.8s/22m0s  109.00 iters/s

running (18m40.8s), 0260/0281 VUs, 105550 complete and 0 interrupted iterations
black_friday_2026_readiness...   [  85% ] 0260/0281 VUs  18m40.8s/22m0s  109.00 iters/s

running (18m41.8s), 0256/0281 VUs, 105663 complete and 0 interrupted iterations
black_friday_2026_readiness...   [  85% ] 0256/0281 VUs  18m41.8s/22m0s  109.00 iters/s

running (18m42.8s), 0260/0281 VUs, 105768 complete and 0 interrupted iterations
black_friday_2026_readiness...   [  85% ] 0260/0281 VUs  18m42.8s/22m0s  109.00 iters/s

running (18m43.8s), 0262/0281 VUs, 105875 complete and 0 interrupted iterations
black_friday_2026_readiness...   [  85% ] 0262/0281 VUs  18m43.8s/22m0s  109.00 iters/s

running (18m44.8s), 0259/0281 VUs, 105987 complete and 0 interrupted iterations
black_friday_2026_readiness...   [  85% ] 0259/0281 VUs  18m44.8s/22m0s  109.00 iters/s

running (18m45.8s), 0265/0281 VUs, 106090 complete and 0 interrupted iterations
black_friday_2026_readiness...   [  85% ] 0265/0281 VUs  18m45.8s/22m0s  109.00 iters/s

running (18m46.8s), 0255/0281 VUs, 106208 complete and 0 interrupted iterations
black_friday_2026_readiness...   [  85% ] 0255/0281 VUs  18m46.8s/22m0s  109.00 iters/s

running (18m47.8s), 0258/0281 VUs, 106315 complete and 0 interrupted iterations
black_friday_2026_readiness...   [  85% ] 0258/0281 VUs  18m47.8s/22m0s  109.00 iters/s

running (18m48.8s), 0254/0281 VUs, 106428 complete and 0 interrupted iterations
black_friday_2026_readiness...   [  86% ] 0254/0281 VUs  18m48.8s/22m0s  109.00 iters/s

running (18m49.8s), 0251/0281 VUs, 106540 complete and 0 interrupted iterations
black_friday_2026_readiness...   [  86% ] 0251/0281 VUs  18m49.8s/22m0s  109.00 iters/s

running (18m50.8s), 0259/0281 VUs, 106641 complete and 0 interrupted iterations
black_friday_2026_readiness...   [  86% ] 0259/0281 VUs  18m50.8s/22m0s  109.00 iters/s

running (18m51.8s), 0261/0281 VUs, 106748 complete and 0 interrupted iterations
black_friday_2026_readiness...   [  86% ] 0261/0281 VUs  18m51.8s/22m0s  109.00 iters/s

running (18m52.8s), 0252/0281 VUs, 106866 complete and 0 interrupted iterations
black_friday_2026_readiness...   [  86% ] 0252/0281 VUs  18m52.8s/22m0s  109.00 iters/s

running (18m53.8s), 0262/0281 VUs, 106964 complete and 0 interrupted iterations
black_friday_2026_readiness...   [  86% ] 0262/0281 VUs  18m53.8s/22m0s  109.00 iters/s

running (18m54.8s), 0258/0281 VUs, 107078 complete and 0 interrupted iterations
black_friday_2026_readiness...   [  86% ] 0258/0281 VUs  18m54.8s/22m0s  109.00 iters/s

running (18m55.8s), 0260/0281 VUs, 107185 complete and 0 interrupted iterations
black_friday_2026_readiness...   [  86% ] 0260/0281 VUs  18m55.8s/22m0s  109.00 iters/s

running (18m56.8s), 0261/0281 VUs, 107293 complete and 0 interrupted iterations
black_friday_2026_readiness...   [  86% ] 0261/0281 VUs  18m56.8s/22m0s  109.00 iters/s

running (18m57.8s), 0264/0281 VUs, 107399 complete and 0 interrupted iterations
black_friday_2026_readiness...   [  86% ] 0264/0281 VUs  18m57.8s/22m0s  109.00 iters/s

running (18m58.8s), 0249/0281 VUs, 107523 complete and 0 interrupted iterations
black_friday_2026_readiness...   [  86% ] 0249/0281 VUs  18m58.8s/22m0s  109.00 iters/s

running (18m59.8s), 0254/0281 VUs, 107627 complete and 0 interrupted iterations
black_friday_2026_readiness...   [  86% ] 0254/0281 VUs  18m59.8s/22m0s  109.00 iters/s

running (19m00.8s), 0252/0281 VUs, 107738 complete and 0 interrupted iterations
black_friday_2026_readiness...   [  86% ] 0252/0281 VUs  19m00.8s/22m0s  109.00 iters/s

running (19m01.8s), 0258/0281 VUs, 107841 complete and 0 interrupted iterations
black_friday_2026_readiness...   [  87% ] 0257/0281 VUs  19m01.8s/22m0s  109.00 iters/s

running (19m02.8s), 0262/0281 VUs, 107946 complete and 0 interrupted iterations
black_friday_2026_readiness...   [  87% ] 0262/0281 VUs  19m02.8s/22m0s  109.00 iters/s

running (19m03.8s), 0267/0281 VUs, 108050 complete and 0 interrupted iterations
black_friday_2026_readiness...   [  87% ] 0267/0281 VUs  19m03.8s/22m0s  109.00 iters/s

running (19m04.8s), 0253/0281 VUs, 108173 complete and 0 interrupted iterations
black_friday_2026_readiness...   [  87% ] 0253/0281 VUs  19m04.8s/22m0s  109.00 iters/s

running (19m05.8s), 0256/0281 VUs, 108278 complete and 0 interrupted iterations
black_friday_2026_readiness...   [  87% ] 0256/0281 VUs  19m05.8s/22m0s  109.00 iters/s

running (19m06.8s), 0266/0281 VUs, 108378 complete and 0 interrupted iterations
black_friday_2026_readiness...   [  87% ] 0266/0281 VUs  19m06.8s/22m0s  109.00 iters/s

running (19m07.8s), 0261/0281 VUs, 108492 complete and 0 interrupted iterations
black_friday_2026_readiness...   [  87% ] 0261/0281 VUs  19m07.8s/22m0s  109.00 iters/s

running (19m08.8s), 0261/0281 VUs, 108601 complete and 0 interrupted iterations
black_friday_2026_readiness...   [  87% ] 0261/0281 VUs  19m08.8s/22m0s  109.00 iters/s

running (19m09.8s), 0265/0281 VUs, 108706 complete and 0 interrupted iterations
black_friday_2026_readiness...   [  87% ] 0265/0281 VUs  19m09.8s/22m0s  109.00 iters/s

running (19m10.8s), 0258/0281 VUs, 108822 complete and 0 interrupted iterations
black_friday_2026_readiness...   [  87% ] 0258/0281 VUs  19m10.8s/22m0s  109.00 iters/s

running (19m11.8s), 0251/0281 VUs, 108938 complete and 0 interrupted iterations
black_friday_2026_readiness...   [  87% ] 0251/0281 VUs  19m11.8s/22m0s  109.00 iters/s

running (19m12.8s), 0258/0281 VUs, 109040 complete and 0 interrupted iterations
black_friday_2026_readiness...   [  87% ] 0258/0281 VUs  19m12.8s/22m0s  109.00 iters/s

running (19m13.8s), 0263/0281 VUs, 109144 complete and 0 interrupted iterations
black_friday_2026_readiness...   [  87% ] 0263/0281 VUs  19m13.8s/22m0s  109.00 iters/s

running (19m14.8s), 0257/0281 VUs, 109258 complete and 0 interrupted iterations
black_friday_2026_readiness...   [  87% ] 0258/0281 VUs  19m14.8s/22m0s  109.00 iters/s

running (19m15.8s), 0259/0281 VUs, 109366 complete and 0 interrupted iterations
black_friday_2026_readiness...   [  88% ] 0259/0281 VUs  19m15.8s/22m0s  109.00 iters/s

running (19m16.8s), 0262/0281 VUs, 109472 complete and 0 interrupted iterations
black_friday_2026_readiness...   [  88% ] 0262/0281 VUs  19m16.8s/22m0s  109.00 iters/s

running (19m17.8s), 0262/0281 VUs, 109581 complete and 0 interrupted iterations
black_friday_2026_readiness...   [  88% ] 0262/0281 VUs  19m17.8s/22m0s  109.00 iters/s

running (19m18.8s), 0252/0281 VUs, 109700 complete and 0 interrupted iterations
black_friday_2026_readiness...   [  88% ] 0252/0281 VUs  19m18.8s/22m0s  109.00 iters/s

running (19m19.8s), 0252/0281 VUs, 109809 complete and 0 interrupted iterations
black_friday_2026_readiness...   [  88% ] 0252/0281 VUs  19m19.8s/22m0s  109.00 iters/s

running (19m20.8s), 0254/0281 VUs, 109916 complete and 0 interrupted iterations
black_friday_2026_readiness...   [  88% ] 0254/0281 VUs  19m20.8s/22m0s  109.00 iters/s

running (19m21.8s), 0262/0281 VUs, 110016 complete and 0 interrupted iterations
black_friday_2026_readiness...   [  88% ] 0262/0281 VUs  19m21.8s/22m0s  109.00 iters/s

running (19m22.8s), 0260/0281 VUs, 110128 complete and 0 interrupted iterations
black_friday_2026_readiness...   [  88% ] 0260/0281 VUs  19m22.8s/22m0s  109.00 iters/s

running (19m23.8s), 0251/0281 VUs, 110245 complete and 0 interrupted iterations
black_friday_2026_readiness...   [  88% ] 0251/0281 VUs  19m23.8s/22m0s  109.00 iters/s

running (19m24.8s), 0254/0281 VUs, 110352 complete and 0 interrupted iterations
black_friday_2026_readiness...   [  88% ] 0254/0281 VUs  19m24.8s/22m0s  109.00 iters/s

running (19m25.8s), 0254/0281 VUs, 110460 complete and 0 interrupted iterations
black_friday_2026_readiness...   [  88% ] 0254/0281 VUs  19m25.8s/22m0s  109.00 iters/s

running (19m26.8s), 0250/0281 VUs, 110574 complete and 0 interrupted iterations
black_friday_2026_readiness...   [  88% ] 0250/0281 VUs  19m26.8s/22m0s  109.00 iters/s

running (19m27.8s), 0262/0281 VUs, 110670 complete and 0 interrupted iterations
black_friday_2026_readiness...   [  88% ] 0263/0281 VUs  19m27.8s/22m0s  109.00 iters/s

running (19m28.8s), 0251/0281 VUs, 110791 complete and 0 interrupted iterations
black_friday_2026_readiness...   [  89% ] 0251/0281 VUs  19m28.8s/22m0s  109.00 iters/s

running (19m29.8s), 0247/0281 VUs, 110904 complete and 0 interrupted iterations
black_friday_2026_readiness...   [  89% ] 0247/0281 VUs  19m29.8s/22m0s  109.00 iters/s

running (19m30.8s), 0260/0281 VUs, 111000 complete and 0 interrupted iterations
black_friday_2026_readiness...   [  89% ] 0260/0281 VUs  19m30.8s/22m0s  109.00 iters/s

running (19m31.8s), 0250/0281 VUs, 111119 complete and 0 interrupted iterations
black_friday_2026_readiness...   [  89% ] 0250/0281 VUs  19m31.8s/22m0s  109.00 iters/s

running (19m32.8s), 0263/0281 VUs, 111215 complete and 0 interrupted iterations
black_friday_2026_readiness...   [  89% ] 0263/0281 VUs  19m32.8s/22m0s  109.00 iters/s

running (19m33.8s), 0257/0281 VUs, 111329 complete and 0 interrupted iterations
black_friday_2026_readiness...   [  89% ] 0257/0281 VUs  19m33.8s/22m0s  109.00 iters/s

running (19m34.8s), 0252/0281 VUs, 111443 complete and 0 interrupted iterations
black_friday_2026_readiness...   [  89% ] 0252/0281 VUs  19m34.8s/22m0s  109.00 iters/s

running (19m35.8s), 0258/0281 VUs, 111547 complete and 0 interrupted iterations
black_friday_2026_readiness...   [  89% ] 0258/0281 VUs  19m35.8s/22m0s  109.00 iters/s

running (19m36.8s), 0250/0281 VUs, 111664 complete and 0 interrupted iterations
black_friday_2026_readiness...   [  89% ] 0250/0281 VUs  19m36.8s/22m0s  109.00 iters/s

running (19m37.8s), 0252/0281 VUs, 111771 complete and 0 interrupted iterations
black_friday_2026_readiness...   [  89% ] 0252/0281 VUs  19m37.8s/22m0s  109.00 iters/s

running (19m38.8s), 0248/0281 VUs, 111884 complete and 0 interrupted iterations
black_friday_2026_readiness...   [  89% ] 0248/0281 VUs  19m38.8s/22m0s  109.00 iters/s

running (19m39.8s), 0255/0281 VUs, 111985 complete and 0 interrupted iterations
black_friday_2026_readiness...   [  89% ] 0255/0281 VUs  19m39.8s/22m0s  109.00 iters/s

running (19m40.8s), 0253/0281 VUs, 112097 complete and 0 interrupted iterations
black_friday_2026_readiness...   [  89% ] 0253/0281 VUs  19m40.8s/22m0s  109.00 iters/s

running (19m41.8s), 0262/0281 VUs, 112197 complete and 0 interrupted iterations
black_friday_2026_readiness...   [  90% ] 0262/0281 VUs  19m41.8s/22m0s  109.00 iters/s

running (19m42.8s), 0256/0281 VUs, 112312 complete and 0 interrupted iterations
black_friday_2026_readiness...   [  90% ] 0256/0281 VUs  19m42.8s/22m0s  109.00 iters/s

running (19m43.8s), 0251/0281 VUs, 112425 complete and 0 interrupted iterations
black_friday_2026_readiness...   [  90% ] 0251/0281 VUs  19m43.8s/22m0s  109.00 iters/s

running (19m44.8s), 0257/0281 VUs, 112529 complete and 0 interrupted iterations
black_friday_2026_readiness...   [  90% ] 0257/0281 VUs  19m44.8s/22m0s  109.00 iters/s

running (19m45.8s), 0257/0281 VUs, 112638 complete and 0 interrupted iterations
black_friday_2026_readiness...   [  90% ] 0257/0281 VUs  19m45.8s/22m0s  109.00 iters/s

running (19m46.8s), 0263/0281 VUs, 112741 complete and 0 interrupted iterations
black_friday_2026_readiness...   [  90% ] 0263/0281 VUs  19m46.8s/22m0s  109.00 iters/s

running (19m47.8s), 0260/0281 VUs, 112853 complete and 0 interrupted iterations
black_friday_2026_readiness...   [  90% ] 0260/0281 VUs  19m47.8s/22m0s  109.00 iters/s

running (19m48.8s), 0268/0281 VUs, 112951 complete and 0 interrupted iterations
black_friday_2026_readiness...   [  90% ] 0268/0281 VUs  19m48.8s/22m0s  109.00 iters/s

running (19m49.8s), 0255/0281 VUs, 113076 complete and 0 interrupted iterations
black_friday_2026_readiness...   [  90% ] 0255/0281 VUs  19m49.8s/22m0s  109.00 iters/s

running (19m50.8s), 0258/0281 VUs, 113182 complete and 0 interrupted iterations
black_friday_2026_readiness...   [  90% ] 0258/0281 VUs  19m50.8s/22m0s  109.00 iters/s

running (19m51.8s), 0248/0281 VUs, 113301 complete and 0 interrupted iterations
black_friday_2026_readiness...   [  90% ] 0248/0281 VUs  19m51.8s/22m0s  109.00 iters/s

running (19m52.8s), 0254/0281 VUs, 113404 complete and 0 interrupted iterations
black_friday_2026_readiness...   [  90% ] 0254/0281 VUs  19m52.8s/22m0s  109.00 iters/s

running (19m53.8s), 0264/0281 VUs, 113503 complete and 0 interrupted iterations
black_friday_2026_readiness...   [  90% ] 0264/0281 VUs  19m53.8s/22m0s  109.00 iters/s

running (19m54.8s), 0263/0281 VUs, 113613 complete and 0 interrupted iterations
black_friday_2026_readiness...   [  91% ] 0263/0281 VUs  19m54.8s/22m0s  109.00 iters/s

running (19m55.8s), 0263/0281 VUs, 113722 complete and 0 interrupted iterations
black_friday_2026_readiness...   [  91% ] 0263/0281 VUs  19m55.8s/22m0s  109.00 iters/s

running (19m56.8s), 0258/0281 VUs, 113836 complete and 0 interrupted iterations
black_friday_2026_readiness...   [  91% ] 0258/0281 VUs  19m56.8s/22m0s  109.00 iters/s

running (19m57.8s), 0260/0281 VUs, 113943 complete and 0 interrupted iterations
black_friday_2026_readiness...   [  91% ] 0260/0281 VUs  19m57.8s/22m0s  109.00 iters/s

running (19m58.8s), 0266/0281 VUs, 114046 complete and 0 interrupted iterations
black_friday_2026_readiness...   [  91% ] 0266/0281 VUs  19m58.8s/22m0s  109.00 iters/s

running (19m59.8s), 0263/0281 VUs, 114157 complete and 0 interrupted iterations
black_friday_2026_readiness...   [  91% ] 0263/0281 VUs  19m59.8s/22m0s  109.00 iters/s

running (20m00.8s), 0257/0281 VUs, 114272 complete and 0 interrupted iterations
black_friday_2026_readiness...   [  91% ] 0257/0281 VUs  20m00.8s/22m0s  108.28 iters/s

running (20m01.8s), 0261/0281 VUs, 114376 complete and 0 interrupted iterations
black_friday_2026_readiness...   [  91% ] 0261/0281 VUs  20m01.8s/22m0s  107.37 iters/s

running (20m02.8s), 0252/0281 VUs, 114492 complete and 0 interrupted iterations
black_friday_2026_readiness...   [  91% ] 0252/0281 VUs  20m02.8s/22m0s  106.46 iters/s

running (20m03.8s), 0257/0281 VUs, 114593 complete and 0 interrupted iterations
black_friday_2026_readiness...   [  91% ] 0257/0281 VUs  20m03.8s/22m0s  105.55 iters/s

running (20m04.8s), 0258/0281 VUs, 114697 complete and 0 interrupted iterations
black_friday_2026_readiness...   [  91% ] 0258/0281 VUs  20m04.8s/22m0s  104.64 iters/s

running (20m05.8s), 0249/0281 VUs, 114810 complete and 0 interrupted iterations
black_friday_2026_readiness...   [  91% ] 0249/0281 VUs  20m05.8s/22m0s  103.74 iters/s

running (20m06.8s), 0245/0281 VUs, 114918 complete and 0 interrupted iterations
black_friday_2026_readiness...   [  91% ] 0245/0281 VUs  20m06.8s/22m0s  102.82 iters/s

running (20m07.8s), 0235/0281 VUs, 115030 complete and 0 interrupted iterations
black_friday_2026_readiness...   [  92% ] 0235/0281 VUs  20m07.8s/22m0s  101.92 iters/s

running (20m08.8s), 0237/0281 VUs, 115129 complete and 0 interrupted iterations
black_friday_2026_readiness...   [  92% ] 0237/0281 VUs  20m08.8s/22m0s  101.01 iters/s

running (20m09.8s), 0240/0281 VUs, 115227 complete and 0 interrupted iterations
black_friday_2026_readiness...   [  92% ] 0240/0281 VUs  20m09.8s/22m0s  100.10 iters/s

running (20m10.8s), 0234/0281 VUs, 115333 complete and 0 interrupted iterations
black_friday_2026_readiness...   [  92% ] 0234/0281 VUs  20m10.8s/22m0s  099.19 iters/s

running (20m11.8s), 0233/0281 VUs, 115432 complete and 0 interrupted iterations
black_friday_2026_readiness...   [  92% ] 0233/0281 VUs  20m11.8s/22m0s  098.29 iters/s

running (20m12.8s), 0224/0281 VUs, 115539 complete and 0 interrupted iterations
black_friday_2026_readiness...   [  92% ] 0224/0281 VUs  20m12.8s/22m0s  097.38 iters/s

running (20m13.8s), 0228/0281 VUs, 115632 complete and 0 interrupted iterations
black_friday_2026_readiness...   [  92% ] 0228/0281 VUs  20m13.8s/22m0s  096.47 iters/s

running (20m14.8s), 0227/0281 VUs, 115729 complete and 0 interrupted iterations
black_friday_2026_readiness...   [  92% ] 0227/0281 VUs  20m14.8s/22m0s  095.56 iters/s

running (20m15.8s), 0222/0281 VUs, 115829 complete and 0 interrupted iterations
black_friday_2026_readiness...   [  92% ] 0222/0281 VUs  20m15.8s/22m0s  094.65 iters/s

running (20m16.8s), 0219/0281 VUs, 115926 complete and 0 interrupted iterations
black_friday_2026_readiness...   [  92% ] 0219/0281 VUs  20m16.8s/22m0s  093.74 iters/s

running (20m17.8s), 0230/0281 VUs, 116009 complete and 0 interrupted iterations
black_friday_2026_readiness...   [  92% ] 0230/0281 VUs  20m17.8s/22m0s  092.83 iters/s

running (20m18.8s), 0219/0281 VUs, 116112 complete and 0 interrupted iterations
black_friday_2026_readiness...   [  92% ] 0219/0281 VUs  20m18.8s/22m0s  091.93 iters/s

running (20m19.8s), 0223/0281 VUs, 116199 complete and 0 interrupted iterations
black_friday_2026_readiness...   [  92% ] 0223/0281 VUs  20m19.8s/22m0s  091.01 iters/s

running (20m20.8s), 0222/0281 VUs, 116291 complete and 0 interrupted iterations
black_friday_2026_readiness...   [  92% ] 0222/0281 VUs  20m20.8s/22m0s  090.11 iters/s

running (20m21.8s), 0223/0281 VUs, 116380 complete and 0 interrupted iterations
black_friday_2026_readiness...   [  93% ] 0223/0281 VUs  20m21.8s/22m0s  089.20 iters/s

running (20m22.8s), 0210/0281 VUs, 116481 complete and 0 interrupted iterations
black_friday_2026_readiness...   [  93% ] 0210/0281 VUs  20m22.8s/22m0s  088.30 iters/s

running (20m23.8s), 0200/0281 VUs, 116579 complete and 0 interrupted iterations
black_friday_2026_readiness...   [  93% ] 0200/0281 VUs  20m23.8s/22m0s  087.39 iters/s

running (20m24.8s), 0200/0281 VUs, 116666 complete and 0 interrupted iterations
black_friday_2026_readiness...   [  93% ] 0200/0281 VUs  20m24.8s/22m0s  086.48 iters/s

running (20m25.8s), 0207/0281 VUs, 116745 complete and 0 interrupted iterations
black_friday_2026_readiness...   [  93% ] 0207/0281 VUs  20m25.8s/22m0s  085.57 iters/s

running (20m26.8s), 0212/0281 VUs, 116825 complete and 0 interrupted iterations
black_friday_2026_readiness...   [  93% ] 0212/0281 VUs  20m26.8s/22m0s  084.66 iters/s

running (20m27.8s), 0212/0281 VUs, 116910 complete and 0 interrupted iterations
black_friday_2026_readiness...   [  93% ] 0212/0281 VUs  20m27.8s/22m0s  083.75 iters/s

running (20m28.8s), 0201/0281 VUs, 117004 complete and 0 interrupted iterations
black_friday_2026_readiness...   [  93% ] 0201/0281 VUs  20m28.8s/22m0s  082.84 iters/s

running (20m29.8s), 0191/0281 VUs, 117096 complete and 0 interrupted iterations
black_friday_2026_readiness...   [  93% ] 0191/0281 VUs  20m29.8s/22m0s  081.94 iters/s

running (20m30.8s), 0194/0281 VUs, 117175 complete and 0 interrupted iterations
black_friday_2026_readiness...   [  93% ] 0194/0281 VUs  20m30.8s/22m0s  081.02 iters/s

running (20m31.8s), 0187/0281 VUs, 117262 complete and 0 interrupted iterations
black_friday_2026_readiness...   [  93% ] 0187/0281 VUs  20m31.8s/22m0s  080.12 iters/s

running (20m32.8s), 0188/0281 VUs, 117341 complete and 0 interrupted iterations
black_friday_2026_readiness...   [  93% ] 0188/0281 VUs  20m32.8s/22m0s  079.21 iters/s

running (20m33.8s), 0190/0281 VUs, 117418 complete and 0 interrupted iterations
black_friday_2026_readiness...   [  93% ] 0190/0281 VUs  20m33.8s/22m0s  078.30 iters/s

running (20m34.8s), 0178/0281 VUs, 117508 complete and 0 interrupted iterations
black_friday_2026_readiness...   [  94% ] 0178/0281 VUs  20m34.8s/22m0s  077.39 iters/s

running (20m35.8s), 0178/0281 VUs, 117584 complete and 0 interrupted iterations
black_friday_2026_readiness...   [  94% ] 0178/0281 VUs  20m35.8s/22m0s  076.49 iters/s

running (20m36.8s), 0175/0281 VUs, 117664 complete and 0 interrupted iterations
black_friday_2026_readiness...   [  94% ] 0175/0281 VUs  20m36.8s/22m0s  075.57 iters/s

running (20m37.8s), 0177/0281 VUs, 117737 complete and 0 interrupted iterations
black_friday_2026_readiness...   [  94% ] 0177/0281 VUs  20m37.8s/22m0s  074.66 iters/s

running (20m38.8s), 0179/0281 VUs, 117809 complete and 0 interrupted iterations
black_friday_2026_readiness...   [  94% ] 0179/0281 VUs  20m38.8s/22m0s  073.76 iters/s

running (20m39.8s), 0176/0281 VUs, 117885 complete and 0 interrupted iterations
black_friday_2026_readiness...   [  94% ] 0176/0281 VUs  20m39.8s/22m0s  072.85 iters/s

running (20m40.8s), 0171/0281 VUs, 117963 complete and 0 interrupted iterations
black_friday_2026_readiness...   [  94% ] 0171/0281 VUs  20m40.8s/22m0s  071.94 iters/s

running (20m41.8s), 0168/0281 VUs, 118037 complete and 0 interrupted iterations
black_friday_2026_readiness...   [  94% ] 0168/0281 VUs  20m41.8s/22m0s  071.03 iters/s

running (20m42.8s), 0172/0281 VUs, 118104 complete and 0 interrupted iterations
black_friday_2026_readiness...   [  94% ] 0172/0281 VUs  20m42.8s/22m0s  070.12 iters/s

running (20m43.8s), 0176/0281 VUs, 118169 complete and 0 interrupted iterations
black_friday_2026_readiness...   [  94% ] 0176/0281 VUs  20m43.8s/22m0s  069.22 iters/s

running (20m44.8s), 0171/0281 VUs, 118243 complete and 0 interrupted iterations
black_friday_2026_readiness...   [  94% ] 0171/0281 VUs  20m44.8s/22m0s  068.31 iters/s

running (20m45.8s), 0157/0281 VUs, 118325 complete and 0 interrupted iterations
black_friday_2026_readiness...   [  94% ] 0157/0281 VUs  20m45.8s/22m0s  067.40 iters/s

running (20m46.8s), 0160/0281 VUs, 118389 complete and 0 interrupted iterations
black_friday_2026_readiness...   [  94% ] 0160/0281 VUs  20m46.8s/22m0s  066.49 iters/s

running (20m47.8s), 0161/0281 VUs, 118454 complete and 0 interrupted iterations
black_friday_2026_readiness...   [  95% ] 0161/0281 VUs  20m47.8s/22m0s  065.58 iters/s

running (20m48.8s), 0152/0281 VUs, 118528 complete and 0 interrupted iterations
black_friday_2026_readiness...   [  95% ] 0152/0281 VUs  20m48.8s/22m0s  064.68 iters/s

running (20m49.8s), 0147/0281 VUs, 118597 complete and 0 interrupted iterations
black_friday_2026_readiness...   [  95% ] 0147/0281 VUs  20m49.8s/22m0s  063.77 iters/s

running (20m50.8s), 0151/0281 VUs, 118657 complete and 0 interrupted iterations
black_friday_2026_readiness...   [  95% ] 0151/0281 VUs  20m50.8s/22m0s  062.85 iters/s

running (20m51.8s), 0149/0281 VUs, 118721 complete and 0 interrupted iterations
black_friday_2026_readiness...   [  95% ] 0149/0281 VUs  20m51.8s/22m0s  061.95 iters/s

running (20m52.8s), 0142/0281 VUs, 118789 complete and 0 interrupted iterations
black_friday_2026_readiness...   [  95% ] 0142/0281 VUs  20m52.8s/22m0s  061.03 iters/s

running (20m53.8s), 0146/0281 VUs, 118846 complete and 0 interrupted iterations
black_friday_2026_readiness...   [  95% ] 0146/0281 VUs  20m53.8s/22m0s  060.13 iters/s

running (20m54.8s), 0143/0281 VUs, 118909 complete and 0 interrupted iterations
black_friday_2026_readiness...   [  95% ] 0143/0281 VUs  20m54.8s/22m0s  059.22 iters/s

running (20m55.8s), 0140/0281 VUs, 118970 complete and 0 interrupted iterations
black_friday_2026_readiness...   [  95% ] 0140/0281 VUs  20m55.8s/22m0s  058.32 iters/s

running (20m56.8s), 0138/0281 VUs, 119030 complete and 0 interrupted iterations
black_friday_2026_readiness...   [  95% ] 0138/0281 VUs  20m56.8s/22m0s  057.41 iters/s

running (20m57.8s), 0140/0281 VUs, 119085 complete and 0 interrupted iterations
black_friday_2026_readiness...   [  95% ] 0140/0281 VUs  20m57.8s/22m0s  056.50 iters/s

running (20m58.8s), 0134/0281 VUs, 119147 complete and 0 interrupted iterations
black_friday_2026_readiness...   [  95% ] 0134/0281 VUs  20m58.8s/22m0s  055.60 iters/s

running (20m59.8s), 0131/0281 VUs, 119205 complete and 0 interrupted iterations
black_friday_2026_readiness...   [  95% ] 0131/0281 VUs  20m59.8s/22m0s  054.69 iters/s

running (21m00.8s), 0130/0281 VUs, 119261 complete and 0 interrupted iterations
black_friday_2026_readiness...   [  96% ] 0130/0281 VUs  21m00.8s/22m0s  053.77 iters/s

running (21m01.8s), 0136/0281 VUs, 119308 complete and 0 interrupted iterations
black_friday_2026_readiness...   [  96% ] 0136/0281 VUs  21m01.8s/22m0s  052.87 iters/s

running (21m02.8s), 0132/0281 VUs, 119364 complete and 0 interrupted iterations
black_friday_2026_readiness...   [  96% ] 0132/0281 VUs  21m02.8s/22m0s  051.97 iters/s

running (21m03.8s), 0122/0281 VUs, 119426 complete and 0 interrupted iterations
black_friday_2026_readiness...   [  96% ] 0122/0281 VUs  21m03.8s/22m0s  051.05 iters/s

running (21m04.8s), 0122/0281 VUs, 119477 complete and 0 interrupted iterations
black_friday_2026_readiness...   [  96% ] 0122/0281 VUs  21m04.8s/22m0s  050.13 iters/s

running (21m05.8s), 0114/0281 VUs, 119534 complete and 0 interrupted iterations
black_friday_2026_readiness...   [  96% ] 0114/0281 VUs  21m05.8s/22m0s  049.24 iters/s

running (21m06.8s), 0115/0281 VUs, 119582 complete and 0 interrupted iterations
black_friday_2026_readiness...   [  96% ] 0115/0281 VUs  21m06.8s/22m0s  048.33 iters/s

running (21m07.8s), 0119/0281 VUs, 119626 complete and 0 interrupted iterations
black_friday_2026_readiness...   [  96% ] 0119/0281 VUs  21m07.8s/22m0s  047.41 iters/s

running (21m08.8s), 0116/0281 VUs, 119676 complete and 0 interrupted iterations
black_friday_2026_readiness...   [  96% ] 0116/0281 VUs  21m08.8s/22m0s  046.51 iters/s

running (21m09.8s), 0117/0281 VUs, 119721 complete and 0 interrupted iterations
black_friday_2026_readiness...   [  96% ] 0117/0281 VUs  21m09.8s/22m0s  045.60 iters/s

running (21m10.8s), 0110/0281 VUs, 119773 complete and 0 interrupted iterations
black_friday_2026_readiness...   [  96% ] 0110/0281 VUs  21m10.8s/22m0s  044.69 iters/s

running (21m11.8s), 0101/0281 VUs, 119826 complete and 0 interrupted iterations
black_friday_2026_readiness...   [  96% ] 0101/0281 VUs  21m11.8s/22m0s  043.79 iters/s

running (21m12.8s), 0096/0281 VUs, 119875 complete and 0 interrupted iterations
black_friday_2026_readiness...   [  96% ] 0096/0281 VUs  21m12.8s/22m0s  042.87 iters/s

running (21m13.8s), 0098/0281 VUs, 119915 complete and 0 interrupted iterations
black_friday_2026_readiness...   [  97% ] 0098/0281 VUs  21m13.8s/22m0s  041.97 iters/s

running (21m14.8s), 0096/0281 VUs, 119959 complete and 0 interrupted iterations
black_friday_2026_readiness...   [  97% ] 0096/0281 VUs  21m14.8s/22m0s  041.05 iters/s

running (21m15.8s), 0097/0281 VUs, 119998 complete and 0 interrupted iterations
black_friday_2026_readiness...   [  97% ] 0097/0281 VUs  21m15.8s/22m0s  040.15 iters/s

running (21m16.8s), 0096/0281 VUs, 120039 complete and 0 interrupted iterations
black_friday_2026_readiness...   [  97% ] 0096/0281 VUs  21m16.8s/22m0s  039.24 iters/s

running (21m17.8s), 0090/0281 VUs, 120084 complete and 0 interrupted iterations
black_friday_2026_readiness...   [  97% ] 0090/0281 VUs  21m17.8s/22m0s  038.32 iters/s

running (21m18.8s), 0096/0281 VUs, 120116 complete and 0 interrupted iterations
black_friday_2026_readiness...   [  97% ] 0096/0281 VUs  21m18.8s/22m0s  037.41 iters/s

running (21m19.8s), 0096/0281 VUs, 120152 complete and 0 interrupted iterations
black_friday_2026_readiness...   [  97% ] 0096/0281 VUs  21m19.8s/22m0s  036.53 iters/s

running (21m20.8s), 0090/0281 VUs, 120195 complete and 0 interrupted iterations
black_friday_2026_readiness...   [  97% ] 0090/0281 VUs  21m20.8s/22m0s  035.60 iters/s

running (21m21.8s), 0082/0281 VUs, 120238 complete and 0 interrupted iterations
black_friday_2026_readiness...   [  97% ] 0082/0281 VUs  21m21.8s/22m0s  034.69 iters/s

running (21m22.8s), 0081/0281 VUs, 120273 complete and 0 interrupted iterations
black_friday_2026_readiness...   [  97% ] 0081/0281 VUs  21m22.8s/22m0s  033.79 iters/s

running (21m23.8s), 0081/0281 VUs, 120306 complete and 0 interrupted iterations
black_friday_2026_readiness...   [  97% ] 0081/0281 VUs  21m23.8s/22m0s  032.89 iters/s

running (21m24.8s), 0081/0281 VUs, 120339 complete and 0 interrupted iterations
black_friday_2026_readiness...   [  97% ] 0081/0281 VUs  21m24.8s/22m0s  031.97 iters/s

running (21m25.8s), 0071/0281 VUs, 120380 complete and 0 interrupted iterations
black_friday_2026_readiness...   [  97% ] 0071/0281 VUs  21m25.8s/22m0s  031.07 iters/s

running (21m26.8s), 0073/0281 VUs, 120409 complete and 0 interrupted iterations
black_friday_2026_readiness...   [  97% ] 0073/0281 VUs  21m26.8s/22m0s  030.15 iters/s

running (21m27.8s), 0071/0281 VUs, 120441 complete and 0 interrupted iterations
black_friday_2026_readiness...   [  98% ] 0071/0281 VUs  21m27.8s/22m0s  029.24 iters/s

running (21m28.8s), 0069/0281 VUs, 120471 complete and 0 interrupted iterations
black_friday_2026_readiness...   [  98% ] 0069/0281 VUs  21m28.8s/22m0s  028.35 iters/s

running (21m29.8s), 0069/0281 VUs, 120499 complete and 0 interrupted iterations
black_friday_2026_readiness...   [  98% ] 0068/0281 VUs  21m29.8s/22m0s  027.44 iters/s

running (21m30.8s), 0066/0281 VUs, 120529 complete and 0 interrupted iterations
black_friday_2026_readiness...   [  98% ] 0066/0281 VUs  21m30.8s/22m0s  026.53 iters/s

running (21m31.8s), 0061/0281 VUs, 120560 complete and 0 interrupted iterations
black_friday_2026_readiness...   [  98% ] 0061/0281 VUs  21m31.8s/22m0s  025.63 iters/s

running (21m32.8s), 0060/0281 VUs, 120586 complete and 0 interrupted iterations
black_friday_2026_readiness...   [  98% ] 0060/0281 VUs  21m32.8s/22m0s  024.72 iters/s

running (21m33.8s), 0063/0281 VUs, 120608 complete and 0 interrupted iterations
black_friday_2026_readiness...   [  98% ] 0063/0281 VUs  21m33.8s/22m0s  023.79 iters/s

running (21m34.8s), 0054/0281 VUs, 120640 complete and 0 interrupted iterations
black_friday_2026_readiness...   [  98% ] 0054/0281 VUs  21m34.8s/22m0s  022.89 iters/s

running (21m35.8s), 0049/0281 VUs, 120667 complete and 0 interrupted iterations
black_friday_2026_readiness...   [  98% ] 0049/0281 VUs  21m35.8s/22m0s  022.00 iters/s

running (21m36.8s), 0048/0281 VUs, 120690 complete and 0 interrupted iterations
black_friday_2026_readiness...   [  98% ] 0048/0281 VUs  21m36.8s/22m0s  021.08 iters/s

running (21m37.8s), 0049/0281 VUs, 120710 complete and 0 interrupted iterations
black_friday_2026_readiness...   [  98% ] 0049/0281 VUs  21m37.8s/22m0s  020.15 iters/s

running (21m38.8s), 0050/0281 VUs, 120728 complete and 0 interrupted iterations
black_friday_2026_readiness...   [  98% ] 0050/0281 VUs  21m38.8s/22m0s  019.27 iters/s

running (21m39.8s), 0045/0281 VUs, 120752 complete and 0 interrupted iterations
black_friday_2026_readiness...   [  98% ] 0045/0281 VUs  21m39.8s/22m0s  018.36 iters/s

running (21m40.8s), 0044/0281 VUs, 120771 complete and 0 interrupted iterations
black_friday_2026_readiness...   [  99% ] 0044/0281 VUs  21m40.8s/22m0s  017.44 iters/s

running (21m41.8s), 0042/0281 VUs, 120790 complete and 0 interrupted iterations
black_friday_2026_readiness...   [  99% ] 0042/0281 VUs  21m41.8s/22m0s  016.54 iters/s

running (21m42.8s), 0038/0281 VUs, 120810 complete and 0 interrupted iterations
black_friday_2026_readiness...   [  99% ] 0038/0281 VUs  21m42.8s/22m0s  015.63 iters/s

running (21m43.8s), 0037/0281 VUs, 120826 complete and 0 interrupted iterations
black_friday_2026_readiness...   [  99% ] 0037/0281 VUs  21m43.8s/22m0s  014.73 iters/s

running (21m44.8s), 0035/0281 VUs, 120843 complete and 0 interrupted iterations
black_friday_2026_readiness...   [  99% ] 0035/0281 VUs  21m44.8s/22m0s  013.78 iters/s

running (21m45.8s), 0031/0281 VUs, 120860 complete and 0 interrupted iterations
black_friday_2026_readiness...   [  99% ] 0031/0281 VUs  21m45.8s/22m0s  012.89 iters/s

running (21m46.8s), 0029/0281 VUs, 120874 complete and 0 interrupted iterations
black_friday_2026_readiness...   [  99% ] 0029/0281 VUs  21m46.8s/22m0s  012.02 iters/s

running (21m47.8s), 0026/0281 VUs, 120889 complete and 0 interrupted iterations
black_friday_2026_readiness...   [  99% ] 0026/0281 VUs  21m47.8s/22m0s  011.07 iters/s

running (21m48.8s), 0026/0281 VUs, 120900 complete and 0 interrupted iterations
black_friday_2026_readiness...   [  99% ] 0026/0281 VUs  21m48.8s/22m0s  010.13 iters/s

running (21m49.8s), 0022/0281 VUs, 120913 complete and 0 interrupted iterations
black_friday_2026_readiness...   [  99% ] 0022/0281 VUs  21m49.8s/22m0s  009.29 iters/s

running (21m50.8s), 0021/0281 VUs, 120923 complete and 0 interrupted iterations
black_friday_2026_readiness...   [  99% ] 0021/0281 VUs  21m50.8s/22m0s  008.36 iters/s

running (21m51.8s), 0019/0281 VUs, 120933 complete and 0 interrupted iterations
black_friday_2026_readiness...   [  99% ] 0019/0281 VUs  21m51.8s/22m0s  007.44 iters/s

running (21m52.8s), 0020/0281 VUs, 120939 complete and 0 interrupted iterations
black_friday_2026_readiness...   [  99% ] 0020/0281 VUs  21m52.8s/22m0s  006.53 iters/s

running (21m53.8s), 0018/0281 VUs, 120947 complete and 0 interrupted iterations
black_friday_2026_readiness...   [ 100% ] 0018/0281 VUs  21m53.8s/22m0s  005.64 iters/s

running (21m54.8s), 0014/0281 VUs, 120956 complete and 0 interrupted iterations
black_friday_2026_readiness...   [ 100% ] 0014/0281 VUs  21m54.8s/22m0s  004.76 iters/s

running (21m55.8s), 0010/0281 VUs, 120964 complete and 0 interrupted iterations
black_friday_2026_readiness...   [ 100% ] 0010/0281 VUs  21m55.8s/22m0s  003.93 iters/s

running (21m56.8s), 0010/0281 VUs, 120968 complete and 0 interrupted iterations
black_friday_2026_readiness...   [ 100% ] 0010/0281 VUs  21m56.8s/22m0s  002.85 iters/s

running (21m57.8s), 0007/0281 VUs, 120973 complete and 0 interrupted iterations
black_friday_2026_readiness...   [ 100% ] 0007/0281 VUs  21m57.8s/22m0s  002.12 iters/s

running (21m58.8s), 0005/0281 VUs, 120977 complete and 0 interrupted iterations
black_friday_2026_readiness...   [ 100% ] 0005/0281 VUs  21m58.8s/22m0s  000.67 iters/s

running (21m59.8s), 0003/0281 VUs, 120979 complete and 0 interrupted iterations
black_friday_2026_readiness...   [ 100% ] 0003/0281 VUs  21m59.8s/22m0s  000.67 iters/s

running (22m00.8s), 0002/0281 VUs, 120980 complete and 0 interrupted iterations
black_friday_2026_readiness... ↓ [ 100% ] 0003/0281 VUs  22m0s  000.67 iters/s

--- PECP k6 Test Execution Summary ---
Test Definition: test-def-proj-retailco-bf2026-v1.0
Status: COMPLETED

running (22m01.4s), 0000/0281 VUs, 120982 complete and 0 interrupted iterations
black_friday_2026_readiness... ✓ [ 100% ] 0000/0281 VUs  22m0s  000.67 iters/s
